<?xml version="1.0" encoding="ISO-8859-1"?>
<SunopsisExport>
<Admin RepositoryVersion="05.02.02.08" IsLegacyIdCompatible="false" />
<Encryption algorithm="AES" keyLength="128" exportKeyHash="OCRD0Lj1LrHPsIa1IgKwdZBOKAB/NMuvRG0lltFvQL4=" keyVect="jUTI2/wAgvuDisbpWEKIdw==" exportKeySalt="4b14cf05-d3ad-4de1-923e-da509fe1c88a" containsCipherText="false"/>
<Object class="com.sunopsis.dwg.dbobj.SnpTrt">
		<Field name="CleanupOnError" type="java.lang.String">null</Field>
	<Field name="CompType" type="java.lang.String"><![CDATA[AP]]></Field>
	<Field name="DelegateClass" type="java.lang.String"><![CDATA[LKM_Hive_to_Spark]]></Field>
	<Field name="DelegateScript" type="java.lang.String"><![CDATA[
	
  import oracle.odi.domain.mapping.exception.*
  @GeneratorDelegateClass(componentType="AP", descriptionKey="GeneratorDelegateClass.LKMSparkHiveQL")
  public class LKM_Hive_to_Spark extends LKMSpark {
  	protected IMapComponent component;
  	protected MapConnectorPoint connector;
  	protected MapPhysicalNode physicalNode;
  	protected List<AbstractSyntaxTree> upstreamASTList;
  	protected ComponentKM componentKM;
  	protected String subtype;
  	private Binding mBinding = null;
  
  	public void setBinding(Binding binding) {
  		super.setBinding(binding);
  		mBinding = binding;
  		Map<String,Object> variables = binding.getVariables();
  		if (variables.containsKey("component")) {
  		   component =  (IMapComponent) mBinding.getVariable("component");
  		}
  		if (variables.containsKey("connector")) {
  		  connector =  (MapConnectorPoint) mBinding.getVariable("connector");
  		}
  		if (variables.containsKey("physicalNode")) {
  		  physicalNode =  (MapPhysicalNode) mBinding.getVariable("physicalNode");
  		}
  		if (variables.containsKey("componentKM")) {
  		  componentKM =  (ComponentKM) mBinding.getVariable("componentKM");
  		}
  		if (variables.containsKey("subtype")) {
  		  subtype =  (String) mBinding.getVariable("subtype");
  		}
  	}
  	
  	TemplateUtils getTemplateUtils() throws AdapterException, MappingException {
          ITechnology techno = physicalNode.getExecutionTechnology();
          ILanguage lang = techno.getDefaultLanguageImpl();
          return new TemplateUtils(physicalNode.getAdapter(), lang, techno);
      }
  
  	@ASTProducerMethod(processingType=ProcessingType.SOURCE, producedASTType=SparkScript.class, styleKey="ProcessingStyleKey.Spark.ExtractScript")
  	AbstractSyntaxTree EXTRACT_TAP(SqlQuery sqlQuery) throws AdapterException, MappingException, GenerationException {
              supportDataFrames('LKM Hive to Spark', true);
		  return createHqlStatement(sqlQuery);
      } 

	@ASTProducerMethod(processingType=ProcessingType.TARGET, producedASTType=NullTarget.class, styleKey="ProcessingStyleKey.Spark.LoadScript")  	
  	AbstractSyntaxTree PRE_EXTRACT_TAP(SqlQuery input) {
		  AbstractSyntaxTree result = new NullTarget();
		  result.setUpstreamAST(input);
		  return  result;
      }
	  
  	AbstractSyntaxTree createHqlStatement(SqlQuery inputQuery) throws AdapterException, MappingException, GenerationException {
	   TemplateUtils templateUtils = getTemplateUtils();
	   SparkScript sparkScript = new SparkScript(templateUtils, null);
	   
	   List<MapPhysicalNode> parentNodes = physicalNode.getUpstreamConnectedNodes();

	   if (parentNodes.size() != 1) {
		   throw new RuntimeException();
	   }

	   MapPhysicalNode parentNode = parentNodes.get(0);

	   SparkCommand hqlCmd = new SparkHqlCmd(templateUtils, parentNode, inputQuery);
	   
	   if (hqlCmd.isStreamingMode()) {
	      throw new OdiKMException("ERROR : LKM Hive to Spark only supports Spark batch mode. Streaming mode is not implemented.");
	   }
	   
	   hqlCmd.setNeedFormatOutput(true)
	   
	   sparkScript.addChild(hqlCmd);
	   return sparkScript;
  	}
  }
	
	]]></Field>
	<Field name="ExpectedAstClass" type="java.lang.String"><![CDATA[oracle.odi.mapping.generation.SqlQuery]]></Field>
	<Field name="ExtVersion" type="java.lang.String">null</Field>
	<Field name="FirstDate" type="java.sql.Timestamp"><![CDATA[2016-06-03 14:37:16.0]]></Field>
	<Field name="FirstUser" type="java.lang.String"><![CDATA[SUNOPSIS_INSTALL]]></Field>
	<Field name="GlobalId" type="java.lang.String"><![CDATA[8fde9264-144c-4ebd-b5eb-fa8f4f61d59b]]></Field>
	<Field name="IndChange" type="java.lang.String"><![CDATA[U]]></Field>
	<Field name="IndExcludeExUnitBegin" type="java.lang.String">null</Field>
	<Field name="IndExcludeExUnitEnd" type="java.lang.String">null</Field>
	<Field name="IndExcludeExUnitMain" type="java.lang.String">null</Field>
	<Field name="IndExcludeMapBegin" type="java.lang.String">null</Field>
	<Field name="IndExcludeMapCleanup" type="java.lang.String">null</Field>
	<Field name="IndExcludeMapEnd" type="java.lang.String">null</Field>
	<Field name="IndGenerateLoad" type="java.lang.String"><![CDATA[0]]></Field>
	<Field name="IndIsHidden" type="java.lang.String"><![CDATA[0]]></Field>
	<Field name="IndJrnMethod" type="java.lang.String">null</Field>
	<Field name="IndSuppSetBased" type="java.lang.String"><![CDATA[0]]></Field>
	<Field name="IntgType" type="java.lang.String"><![CDATA[TRANSPARENT_EXTRACT]]></Field>
	<Field name="IntVersion" type="com.sunopsis.sql.DbInt"><![CDATA[5]]></Field>
	<Field name="IsConcurrent" type="java.lang.String">null</Field>
	<Field name="IsSeeded" type="java.lang.String"><![CDATA[1]]></Field>
	<Field name="IBaseCompKm" type="com.sunopsis.sql.DbInt"><![CDATA[107]]></Field>
	<Field name="IFolder" type="com.sunopsis.sql.DbInt"><![CDATA[null]]></Field>
	<Field name="IProject" type="com.sunopsis.sql.DbInt"><![CDATA[null]]></Field>
	<Field name="IScBaseTrt" type="com.sunopsis.sql.DbInt"><![CDATA[null]]></Field>
	<Field name="IScOrigTrt" type="com.sunopsis.sql.DbInt"><![CDATA[null]]></Field>
	<Field name="IScTrt" type="com.sunopsis.sql.DbInt"><![CDATA[null]]></Field>
	<Field name="ITrt" type="com.sunopsis.sql.DbInt"><![CDATA[111]]></Field>
	<Field name="ITxtDelTxt" type="com.sunopsis.sql.DbInt"><![CDATA[null]]></Field>
	<Field name="ITxtTrtTxt" type="com.sunopsis.sql.DbInt"><![CDATA[449]]></Field>
	<Field name="KimMultiDserver" type="java.lang.String"><![CDATA[1]]></Field>
	<Field name="KmDefault" type="java.lang.String"><![CDATA[1]]></Field>
	<Field name="KmLang" type="java.lang.String"><![CDATA[PYTHON]]></Field>
	<Field name="KmSrcLang" type="java.lang.String"><![CDATA[SQL]]></Field>
	<Field name="KmSrcTechno" type="java.lang.String"><![CDATA[HIVE]]></Field>
	<Field name="KmTechno" type="java.lang.String"><![CDATA[SPARK_PYTHON]]></Field>
	<Field name="KmVersion" type="java.lang.String">null</Field>
	<Field name="LastDate" type="java.sql.Timestamp"><![CDATA[2018-12-07 08:15:13.0]]></Field>
	<Field name="LastUser" type="java.lang.String"><![CDATA[SUNOPSIS_INSTALL]]></Field>
	<Field name="LkmType" type="java.lang.String"><![CDATA[S]]></Field>
	<Field name="LChecksum" type="com.sunopsis.sql.DbInt"><![CDATA[0]]></Field>
	<Field name="LCode" type="java.lang.String">null</Field>
	<Field name="OggJkm" type="java.lang.String">null</Field>
	<Field name="OrdFolder" type="com.sunopsis.sql.DbInt"><![CDATA[null]]></Field>
	<Field name="ProcType" type="java.lang.String"><![CDATA[B]]></Field>
	<Field name="ProdAstType" type="java.lang.String"><![CDATA[oracle.odi.mapping.generation.spark.SparkScript]]></Field>
	<Field name="RepGuid" type="java.lang.String">null</Field>
	<Field name="RepVersion" type="java.lang.String">null</Field>
	<Field name="ScriptPath" type="java.lang.String">null</Field>
	<Field name="ScOrigTrtTag" type="java.lang.String">null</Field>
	<Field name="Subtype" type="java.lang.String"><![CDATA[PRE_EXTRACT_TAP:EXTRACT_TAP*]]></Field>
	<Field name="TrtName" type="java.lang.String"><![CDATA[LKM Hive to Spark]]></Field>
	<Field name="TrtType" type="java.lang.String"><![CDATA[KL]]></Field>
	<Field name="VariableDefs" type="java.lang.String">null</Field>
	<Field name="VLastDate" type="java.sql.Timestamp">null</Field>
</Object>
<Object class="com.sunopsis.dwg.dbobj.SnpReferencedObject">
		<Field name="IObject" type="com.sunopsis.sql.DbInt"><![CDATA[3600]]></Field>
	<Field name="ObjectPKasString" type="java.lang.String"><![CDATA[107]]></Field>
	<Field name="ObjectAKasString" type="java.lang.String"><![CDATA[]]></Field>
	<Field name="Description" type="java.lang.String"><![CDATA[SNP_TRT : LKMSpark]]></Field>
 <Field name="GlobalId" type="java.lang.String"><![CDATA[80aa8be2-d68d-40fe-bc1e-0b0b3ee0105e]]></Field>
</Object>
<Object class="com.sunopsis.dwg.dbobj.SnpTxtHeader">
		<Field name="Enc" type="java.lang.String"><![CDATA[0]]></Field>
	<Field name="EncKey" type="java.lang.String">null</Field>
 <Field name="EncKeyVect" type="java.lang.String">null</Field>
	<Field name="GlobalId" type="java.lang.String"><![CDATA[44ea9e7d-6680-4e18-9bd9-36e012bdc310]]></Field>
	<Field name="ITxt" type="com.sunopsis.sql.DbInt"><![CDATA[449]]></Field>
	<Field name="ITxtOrig" type="com.sunopsis.sql.DbInt"><![CDATA[107]]></Field>
	<Field name="SqlIndGrp" type="java.lang.String"><![CDATA[0]]></Field>
 <Field name="Txt" type="java.lang.String"><![CDATA[COMPONENT NAME: LKM Hive to Spark
COMPONENT VERSION: 1
AUTHOR: Oracle 
COMPATIBILITY: ODI 12.1.3.0.1 or above

DESCRIPTION
This KM will load data from a Hive table into a Spark Python variable and can be defined on the AP between the execution units, source technology Hive, target technology Spark Python.]]></Field>
</Object>
<Object class="com.sunopsis.dwg.dbobj.SnpOrigTxt">
		<Field name="GlobalId" type="java.lang.String">null</Field>
	<Field name="ITxtOrig" type="com.sunopsis.sql.DbInt"><![CDATA[107]]></Field>
	<Field name="OrigineName" type="java.lang.String"><![CDATA[Edit Command]]></Field>
	<Field name="SnpsCol" type="java.lang.String"><![CDATA[I_TXT_TRT_TXT]]></Field>
	<Field name="SnpsTable" type="java.lang.String"><![CDATA[SNP_TRT]]></Field>
</Object>
<Object class="com.sunopsis.dwg.dbobj.SnpFKXRef">
		<Field name="RefKey" type="java.lang.String"><![CDATA[SNP_TXTHEADER.449]]></Field>
	<Field name="RefObjGlobalId" type="java.lang.String"><![CDATA[44ea9e7d-6680-4e18-9bd9-36e012bdc310]]></Field>
 <Field name="RefObjFQName" type="java.lang.String">null</Field>
 <Field name="RefObjFQType" type="java.lang.String">null</Field>
 <Field name="RefObjFQNameLengths" type="java.lang.String">null</Field>
</Object>
<Object class="com.sunopsis.dwg.dbobj.SnpFKXRef">
		<Field name="RefKey" type="java.lang.String"><![CDATA[SNP_TRT.107]]></Field>
	<Field name="RefObjGlobalId" type="java.lang.String"><![CDATA[80aa8be2-d68d-40fe-bc1e-0b0b3ee0105e]]></Field>
 <Field name="RefObjFQName" type="java.lang.String"><![CDATA[LKMSpark]]></Field>
 <Field name="RefObjFQType" type="java.lang.String"><![CDATA[SNP_TRT]]></Field>
 <Field name="RefObjFQNameLengths" type="java.lang.String"><![CDATA[8]]></Field>
</Object>
<Object class="com.sunopsis.dwg.DwgExportSummary">
		<Field name="ExpTxtNb" type="com.sunopsis.sql.DbInt"><![CDATA[0]]></Field>
	<Field name="InstObjNb" type="com.sunopsis.sql.DbInt"><![CDATA[0]]></Field>
	<Field name="JoinColNb" type="com.sunopsis.sql.DbInt"><![CDATA[0]]></Field>
	<Field name="JoinNb" type="com.sunopsis.sql.DbInt"><![CDATA[0]]></Field>
	<Field name="KeyColNb" type="com.sunopsis.sql.DbInt"><![CDATA[0]]></Field>
	<Field name="KeyNb" type="com.sunopsis.sql.DbInt"><![CDATA[0]]></Field>
	<Field name="LinkDiagNb" type="com.sunopsis.sql.DbInt"><![CDATA[0]]></Field>
	<Field name="MorigTxtNb" type="com.sunopsis.sql.DbInt"><![CDATA[0]]></Field>
	<Field name="MtxtNb" type="com.sunopsis.sql.DbInt"><![CDATA[0]]></Field>
	<Field name="OrigTxtNb" type="com.sunopsis.sql.DbInt"><![CDATA[1]]></Field>
	<Field name="OtherObjectsNb" type="com.sunopsis.sql.DbInt"><![CDATA[1]]></Field>
	<Field name="PlanAgentNb" type="com.sunopsis.sql.DbInt"><![CDATA[0]]></Field>
	<Field name="StepNb" type="com.sunopsis.sql.DbInt"><![CDATA[0]]></Field>
	<Field name="TxtNb" type="com.sunopsis.sql.DbInt"><![CDATA[1]]></Field>
	<Field name="UeOrigNb" type="com.sunopsis.sql.DbInt"><![CDATA[0]]></Field>
	<Field name="UeUsedNb" type="com.sunopsis.sql.DbInt"><![CDATA[0]]></Field>
	<Field name="VarPlanAgentNb" type="com.sunopsis.sql.DbInt"><![CDATA[0]]></Field>
	<Field name="ScenTxtNb" type="com.sunopsis.sql.DbInt"><![CDATA[0]]></Field>
	<Field name="OdiVersion" type="java.lang.String"><![CDATA[12.2.1]]></Field>
	<Field name="OriginRepositoryID" type="com.sunopsis.sql.DbInt"><![CDATA[1]]></Field>
	<Field name="RepositoryVersion" type="java.lang.String"><![CDATA[05.02.02.08]]></Field>
</Object>
</SunopsisExport>
