<?xml version="1.0" encoding="ISO-8859-1"?>
<SunopsisExport>
<Admin RepositoryVersion="05.02.02.08" IsLegacyIdCompatible="false" />
<Encryption algorithm="AES" keyLength="128" exportKeyHash="AxmiPlKHOaqx0XITCMpX9wwIXp7jl1o2n9WOQjJMHBM=" keyVect="pDpqAefZyYJd+8ZVYkK0OA==" exportKeySalt="70f9081f-c7d7-49c7-b318-bf9e2c89625b" containsCipherText="false"/>
<Object class="com.sunopsis.dwg.dbobj.SnpTrt">
		<Field name="CleanupOnError" type="java.lang.String">null</Field>
	<Field name="CompType" type="java.lang.String"><![CDATA[AP]]></Field>
	<Field name="DelegateClass" type="java.lang.String"><![CDATA[HiveHdfsLKM]]></Field>
	<Field name="DelegateScript" type="java.lang.String"><![CDATA[
import oracle.odi.mapping.generation.AbstractSyntaxTree.ASTProducerMethod;
import oracle.odi.domain.mapping.generator.KMGeneratorDelegateRegistry.GeneratorDelegateClass;
@GeneratorDelegateClass(componentType="AP", descriptionKey="GeneratorDelegateClass.LKM_HDFS_FileToHive")
    
        public class HiveHdfsLKM extends HiveBaseLKM {
    	  // class constructor; initialization is done in setBinding method
          public HiveHdfsLKM() {}      
        
          // Declare KM level vars
          protected boolean option_EXTERNAL_TABLE
          protected boolean option_STOP_ON_FILE_NOT_FOUND

    	  public void setBinding( Binding binding ) {
            super.setBinding( binding )
            // Initialize variables
          option_STOP_ON_FILE_NOT_FOUND = isOptionTrue( "STOP_ON_FILE_NOT_FOUND" )
          }
        
          void updateBinding() {
            super.updateBinding()
            mBinding.setVariable( "option_STOP_ON_FILE_NOT_FOUND", option_STOP_ON_FILE_NOT_FOUND ) 
          }

 @ASTProducerMethod(processingType=ProcessingType.SOURCE, producedASTType=SqlQuery.class, styleKey="ProcessingStyleKey.HDFS.SELECT")
    
        public AbstractSyntaxTree SELECT() {
            // Copied from oracle.odi.domain.mapping.component.km.SQLFileCompKM"
            SqlQuery result = new SqlQuery( physicalNode.getTemplateUtils() )
            //result.setUseSubselectForMultiJoin(true)
            def tableName = physicalNode.getBoundObjectName();  // The name of the associated datastore object
            def tableQualifier = physicalNode.getLocation() == null ? null : physicalNode.getLocation().getName();
            def tableAlias = generatorContext.generateUniqueAlias(physicalNode);
            //String customSrcText = OdiRef.getOdiGeneratedAccessName("SOURCE_NAME", physicalNode);
            String customSrcText = generatorContext.getAPNodeCollTableAccessName()
            Table srcTable = new Table( tableName, tableQualifier, customSrcText );
            
            srcTable.setModelTable(physicalNode.getLogicalComponent());
            FromClause from = new FromClause(new TableReference(srcTable), tableAlias);
            List<FromClause> fromList = new ArrayList<FromClause>();
            fromList.add(from);
            // add source location for multi IKM usage like getInfo('SRC_TECHNO_NAME')
            if (physicalNode.getLocation() != null) {
                result.setSourceLocation(physicalNode.getLocation());
            }
            //def selectExprList = component.getAttributes().findAll { attr -> return attr.isReferenced() }
            //                                              .collect { attr -> new StringExpression( attr.getSQLAccessName(tableAlias), attr, attr ) }     
            def selectExprList = physicalNode.getPhysicalColumns().collect { col -> new StringExpression( col.getSQLAccessName(tableAlias), col, col.getRefObject() ) }     
            result.setSelectList( selectExprList );
            result.setFromList(fromList);
            return result;
        }     
        } // End of LKM class  
    ]]></Field>
	<Field name="ExpectedAstClass" type="java.lang.String"><![CDATA[oracle.odi.mapping.generation.SqlQuery]]></Field>
	<Field name="ExtVersion" type="java.lang.String">null</Field>
	<Field name="FirstDate" type="java.sql.Timestamp"><![CDATA[2016-12-08 23:14:36.0]]></Field>
	<Field name="FirstUser" type="java.lang.String"><![CDATA[SUNOPSIS_INSTALL]]></Field>
	<Field name="GlobalId" type="java.lang.String"><![CDATA[3E81556ABA524C43E053E603C40A0759]]></Field>
	<Field name="IndChange" type="java.lang.String"><![CDATA[U]]></Field>
	<Field name="IndExcludeExUnitBegin" type="java.lang.String">null</Field>
	<Field name="IndExcludeExUnitEnd" type="java.lang.String">null</Field>
	<Field name="IndExcludeExUnitMain" type="java.lang.String">null</Field>
	<Field name="IndExcludeMapBegin" type="java.lang.String">null</Field>
	<Field name="IndExcludeMapCleanup" type="java.lang.String">null</Field>
	<Field name="IndExcludeMapEnd" type="java.lang.String">null</Field>
	<Field name="IndGenerateLoad" type="java.lang.String"><![CDATA[1]]></Field>
	<Field name="IndIsHidden" type="java.lang.String"><![CDATA[0]]></Field>
	<Field name="IndJrnMethod" type="java.lang.String">null</Field>
	<Field name="IndSuppSetBased" type="java.lang.String"><![CDATA[0]]></Field>
	<Field name="IntgType" type="java.lang.String"><![CDATA[APPEND_STAGED_DATA]]></Field>
	<Field name="IntVersion" type="com.sunopsis.sql.DbInt"><![CDATA[8]]></Field>
	<Field name="IsConcurrent" type="java.lang.String">null</Field>
	<Field name="IsSeeded" type="java.lang.String"><![CDATA[1]]></Field>
	<Field name="IBaseCompKm" type="com.sunopsis.sql.DbInt"><![CDATA[51]]></Field>
	<Field name="IFolder" type="com.sunopsis.sql.DbInt"><![CDATA[null]]></Field>
	<Field name="IProject" type="com.sunopsis.sql.DbInt"><![CDATA[null]]></Field>
	<Field name="IScBaseTrt" type="com.sunopsis.sql.DbInt"><![CDATA[null]]></Field>
	<Field name="IScOrigTrt" type="com.sunopsis.sql.DbInt"><![CDATA[null]]></Field>
	<Field name="IScTrt" type="com.sunopsis.sql.DbInt"><![CDATA[null]]></Field>
	<Field name="ITrt" type="com.sunopsis.sql.DbInt"><![CDATA[144]]></Field>
	<Field name="ITxtDelTxt" type="com.sunopsis.sql.DbInt"><![CDATA[null]]></Field>
	<Field name="ITxtTrtTxt" type="com.sunopsis.sql.DbInt"><![CDATA[1184]]></Field>
	<Field name="KimMultiDserver" type="java.lang.String"><![CDATA[1]]></Field>
	<Field name="KmDefault" type="java.lang.String"><![CDATA[0]]></Field>
	<Field name="KmLang" type="java.lang.String"><![CDATA[SQL]]></Field>
	<Field name="KmSrcLang" type="java.lang.String"><![CDATA[SQL]]></Field>
	<Field name="KmSrcTechno" type="java.lang.String"><![CDATA[GENERIC_SQL]]></Field>
	<Field name="KmTechno" type="java.lang.String"><![CDATA[GENERIC_SQL]]></Field>
	<Field name="KmVersion" type="java.lang.String">null</Field>
	<Field name="LastDate" type="java.sql.Timestamp"><![CDATA[2018-12-07 08:15:39.0]]></Field>
	<Field name="LastUser" type="java.lang.String"><![CDATA[SUNOPSIS_INSTALL]]></Field>
	<Field name="LkmType" type="java.lang.String"><![CDATA[P]]></Field>
	<Field name="LChecksum" type="com.sunopsis.sql.DbInt"><![CDATA[0]]></Field>
	<Field name="LCode" type="java.lang.String">null</Field>
	<Field name="OggJkm" type="java.lang.String">null</Field>
	<Field name="OrdFolder" type="com.sunopsis.sql.DbInt"><![CDATA[null]]></Field>
	<Field name="ProcType" type="java.lang.String"><![CDATA[B]]></Field>
	<Field name="ProdAstType" type="java.lang.String">null</Field>
	<Field name="RepGuid" type="java.lang.String">null</Field>
	<Field name="RepVersion" type="java.lang.String">null</Field>
	<Field name="ScriptPath" type="java.lang.String">null</Field>
	<Field name="ScOrigTrtTag" type="java.lang.String">null</Field>
	<Field name="Subtype" type="java.lang.String"><![CDATA[INSERT:SELECT]]></Field>
	<Field name="TrtName" type="java.lang.String"><![CDATA[HiveHdfsLKM]]></Field>
	<Field name="TrtType" type="java.lang.String"><![CDATA[KL]]></Field>
	<Field name="VariableDefs" type="java.lang.String">null</Field>
	<Field name="VLastDate" type="java.sql.Timestamp">null</Field>
</Object>
<Object class="com.sunopsis.dwg.dbobj.SnpReferencedObject">
		<Field name="IObject" type="com.sunopsis.sql.DbInt"><![CDATA[3600]]></Field>
	<Field name="ObjectPKasString" type="java.lang.String"><![CDATA[51]]></Field>
	<Field name="ObjectAKasString" type="java.lang.String"><![CDATA[]]></Field>
	<Field name="Description" type="java.lang.String"><![CDATA[SNP_TRT : HiveBaseLKM]]></Field>
 <Field name="GlobalId" type="java.lang.String"><![CDATA[f5a07b3d-e76f-425e-a851-59ebaaaf5853]]></Field>
</Object>
<Object class="com.sunopsis.dwg.dbobj.SnpKmTemplateJoin">
		<Field name="GlobalId" type="java.lang.String"><![CDATA[56237bff-833e-47c3-8f9b-880fcbfa0d7b]]></Field>
	<Field name="ISnpKmTemplate" type="com.sunopsis.sql.DbInt"><![CDATA[8]]></Field>
	<Field name="ISnpTrt" type="com.sunopsis.sql.DbInt"><![CDATA[144]]></Field>
</Object>
<Object class="com.sunopsis.dwg.dbobj.SnpKmTemplateJoin">
		<Field name="GlobalId" type="java.lang.String"><![CDATA[4dc75e04-37af-4585-822d-30ae44750f8c]]></Field>
	<Field name="ISnpKmTemplate" type="com.sunopsis.sql.DbInt"><![CDATA[36]]></Field>
	<Field name="ISnpTrt" type="com.sunopsis.sql.DbInt"><![CDATA[144]]></Field>
</Object>
<Object class="com.sunopsis.dwg.dbobj.SnpKmTemplateJoin">
		<Field name="GlobalId" type="java.lang.String"><![CDATA[38bbb989-8e17-4de7-874f-28ca89aead32]]></Field>
	<Field name="ISnpKmTemplate" type="com.sunopsis.sql.DbInt"><![CDATA[141]]></Field>
	<Field name="ISnpTrt" type="com.sunopsis.sql.DbInt"><![CDATA[144]]></Field>
</Object>
<Object class="com.sunopsis.dwg.dbobj.SnpKmTemplateJoin">
		<Field name="GlobalId" type="java.lang.String"><![CDATA[382ecaf6-7a64-4df7-ae3c-77d13be38b2c]]></Field>
	<Field name="ISnpKmTemplate" type="com.sunopsis.sql.DbInt"><![CDATA[29]]></Field>
	<Field name="ISnpTrt" type="com.sunopsis.sql.DbInt"><![CDATA[144]]></Field>
</Object>
<Object class="com.sunopsis.dwg.dbobj.SnpKmTemplateJoin">
		<Field name="GlobalId" type="java.lang.String"><![CDATA[c3f06485-a95f-4d83-9639-c94c6c150571]]></Field>
	<Field name="ISnpKmTemplate" type="com.sunopsis.sql.DbInt"><![CDATA[9]]></Field>
	<Field name="ISnpTrt" type="com.sunopsis.sql.DbInt"><![CDATA[144]]></Field>
</Object>
<Object class="com.sunopsis.dwg.dbobj.SnpKmTemplateJoin">
		<Field name="GlobalId" type="java.lang.String"><![CDATA[d338c39c-9a0a-4a9a-aa4b-2a9de241d94c]]></Field>
	<Field name="ISnpKmTemplate" type="com.sunopsis.sql.DbInt"><![CDATA[1]]></Field>
	<Field name="ISnpTrt" type="com.sunopsis.sql.DbInt"><![CDATA[144]]></Field>
</Object>
<Object class="com.sunopsis.dwg.dbobj.SnpKmTemplateJoin">
		<Field name="GlobalId" type="java.lang.String"><![CDATA[95c720fb-52a2-454c-95f9-6236122193d4]]></Field>
	<Field name="ISnpKmTemplate" type="com.sunopsis.sql.DbInt"><![CDATA[160]]></Field>
	<Field name="ISnpTrt" type="com.sunopsis.sql.DbInt"><![CDATA[144]]></Field>
</Object>
<Object class="com.sunopsis.dwg.dbobj.SnpKmTemplateJoin">
		<Field name="GlobalId" type="java.lang.String"><![CDATA[1152dedd-f4b9-4e68-8c05-1487f896b75b]]></Field>
	<Field name="ISnpKmTemplate" type="com.sunopsis.sql.DbInt"><![CDATA[144]]></Field>
	<Field name="ISnpTrt" type="com.sunopsis.sql.DbInt"><![CDATA[144]]></Field>
</Object>
<Object class="com.sunopsis.dwg.dbobj.SnpKmTemplateJoin">
		<Field name="GlobalId" type="java.lang.String"><![CDATA[738c841c-b931-4016-886e-bf45d29a2d98]]></Field>
	<Field name="ISnpKmTemplate" type="com.sunopsis.sql.DbInt"><![CDATA[159]]></Field>
	<Field name="ISnpTrt" type="com.sunopsis.sql.DbInt"><![CDATA[144]]></Field>
</Object>
<Object class="com.sunopsis.dwg.dbobj.SnpKmTemplateJoin">
		<Field name="GlobalId" type="java.lang.String"><![CDATA[3a542b2c-a4f9-4097-a934-4fb5b0274daa]]></Field>
	<Field name="ISnpKmTemplate" type="com.sunopsis.sql.DbInt"><![CDATA[151]]></Field>
	<Field name="ISnpTrt" type="com.sunopsis.sql.DbInt"><![CDATA[144]]></Field>
</Object>
<Object class="com.sunopsis.dwg.dbobj.SnpKmTemplateJoin">
		<Field name="GlobalId" type="java.lang.String"><![CDATA[eb6816fa-4c68-49f9-b58a-9b01330a3afb]]></Field>
	<Field name="ISnpKmTemplate" type="com.sunopsis.sql.DbInt"><![CDATA[152]]></Field>
	<Field name="ISnpTrt" type="com.sunopsis.sql.DbInt"><![CDATA[144]]></Field>
</Object>
<Object class="com.sunopsis.dwg.dbobj.SnpTxtHeader">
		<Field name="Enc" type="java.lang.String"><![CDATA[0]]></Field>
	<Field name="EncKey" type="java.lang.String">null</Field>
 <Field name="EncKeyVect" type="java.lang.String">null</Field>
	<Field name="GlobalId" type="java.lang.String"><![CDATA[31baf0dd-f591-4af6-845b-22c37d17e43e]]></Field>
	<Field name="ITxt" type="com.sunopsis.sql.DbInt"><![CDATA[1184]]></Field>
	<Field name="ITxtOrig" type="com.sunopsis.sql.DbInt"><![CDATA[107]]></Field>
	<Field name="SqlIndGrp" type="java.lang.String"><![CDATA[0]]></Field>
 <Field name="Txt" type="java.lang.String"><![CDATA[some text]]></Field>
</Object>
<Object class="com.sunopsis.dwg.dbobj.SnpOrigTxt">
		<Field name="GlobalId" type="java.lang.String">null</Field>
	<Field name="ITxtOrig" type="com.sunopsis.sql.DbInt"><![CDATA[107]]></Field>
	<Field name="OrigineName" type="java.lang.String"><![CDATA[Edit Command]]></Field>
	<Field name="SnpsCol" type="java.lang.String"><![CDATA[I_TXT_TRT_TXT]]></Field>
	<Field name="SnpsTable" type="java.lang.String"><![CDATA[SNP_TRT]]></Field>
</Object>
<Object class="com.sunopsis.dwg.dbobj.SnpUserExit">
		<Field name="ExprITxt" type="com.sunopsis.sql.DbInt"><![CDATA[null]]></Field>
	<Field name="ExtVersion" type="java.lang.String">null</Field>
	<Field name="GlobalId" type="java.lang.String"><![CDATA[3E81556ABA534C43E053E603C40A0759]]></Field>
	<Field name="IndChange" type="java.lang.String">null</Field>
	<Field name="ITrt" type="com.sunopsis.sql.DbInt"><![CDATA[144]]></Field>
	<Field name="ITxtUeHelp" type="com.sunopsis.sql.DbInt"><![CDATA[1185]]></Field>
	<Field name="ITxtValue" type="com.sunopsis.sql.DbInt"><![CDATA[null]]></Field>
	<Field name="IUserExit" type="com.sunopsis.sql.DbInt"><![CDATA[309]]></Field>
	<Field name="IUserExitGroup" type="com.sunopsis.sql.DbInt"><![CDATA[null]]></Field>
	<Field name="Position" type="com.sunopsis.sql.DbInt"><![CDATA[1]]></Field>
	<Field name="ShortValue" type="java.lang.String"><![CDATA[0]]></Field>
	<Field name="Subtypes" type="java.lang.String">null</Field>
	<Field name="UeName" type="java.lang.String"><![CDATA[STOP_ON_FILE_NOT_FOUND]]></Field>
	<Field name="UeSdesc" type="java.lang.String"><![CDATA[Stop if no input file was found?]]></Field>
	<Field name="UeType" type="java.lang.String"><![CDATA[C]]></Field>
</Object>
<Object class="com.sunopsis.dwg.dbobj.SnpTxtHeader">
		<Field name="Enc" type="java.lang.String"><![CDATA[0]]></Field>
	<Field name="EncKey" type="java.lang.String">null</Field>
 <Field name="EncKeyVect" type="java.lang.String">null</Field>
	<Field name="GlobalId" type="java.lang.String"><![CDATA[44c68d38-3cfb-4d2e-9557-c46f118fadbc]]></Field>
	<Field name="ITxt" type="com.sunopsis.sql.DbInt"><![CDATA[1185]]></Field>
	<Field name="ITxtOrig" type="com.sunopsis.sql.DbInt"><![CDATA[111]]></Field>
	<Field name="SqlIndGrp" type="java.lang.String"><![CDATA[0]]></Field>
 <Field name="Txt" type="java.lang.String"><![CDATA[This checkbox option defines whether the KM should stop, if no input file has been found.]]></Field>
</Object>
<Object class="com.sunopsis.dwg.dbobj.SnpOrigTxt">
		<Field name="GlobalId" type="java.lang.String">null</Field>
	<Field name="ITxtOrig" type="com.sunopsis.sql.DbInt"><![CDATA[111]]></Field>
	<Field name="OrigineName" type="java.lang.String"><![CDATA[User Exit help]]></Field>
	<Field name="SnpsCol" type="java.lang.String"><![CDATA[I_TXT_UE_HELP]]></Field>
	<Field name="SnpsTable" type="java.lang.String"><![CDATA[SNP_USER_EXIT]]></Field>
</Object>
<Object class="com.sunopsis.dwg.dbobj.SnpUserExit">
		<Field name="ExprITxt" type="com.sunopsis.sql.DbInt"><![CDATA[null]]></Field>
	<Field name="ExtVersion" type="java.lang.String">null</Field>
	<Field name="GlobalId" type="java.lang.String"><![CDATA[3E81556ABA544C43E053E603C40A0759]]></Field>
	<Field name="IndChange" type="java.lang.String">null</Field>
	<Field name="ITrt" type="com.sunopsis.sql.DbInt"><![CDATA[144]]></Field>
	<Field name="ITxtUeHelp" type="com.sunopsis.sql.DbInt"><![CDATA[1186]]></Field>
	<Field name="ITxtValue" type="com.sunopsis.sql.DbInt"><![CDATA[1187]]></Field>
	<Field name="IUserExit" type="com.sunopsis.sql.DbInt"><![CDATA[310]]></Field>
	<Field name="IUserExitGroup" type="com.sunopsis.sql.DbInt"><![CDATA[null]]></Field>
	<Field name="Position" type="com.sunopsis.sql.DbInt"><![CDATA[2]]></Field>
	<Field name="ShortValue" type="java.lang.String">null</Field>
	<Field name="Subtypes" type="java.lang.String">null</Field>
	<Field name="UeName" type="java.lang.String"><![CDATA[OVERRIDE_ROW_FORMAT]]></Field>
	<Field name="UeSdesc" type="java.lang.String"><![CDATA[custom row format clause]]></Field>
	<Field name="UeType" type="java.lang.String"><![CDATA[T]]></Field>
</Object>
<Object class="com.sunopsis.dwg.dbobj.SnpTxtHeader">
		<Field name="Enc" type="java.lang.String"><![CDATA[0]]></Field>
	<Field name="EncKey" type="java.lang.String">null</Field>
 <Field name="EncKeyVect" type="java.lang.String">null</Field>
	<Field name="GlobalId" type="java.lang.String"><![CDATA[2cbce049-efd8-42c7-bd53-813c4725da90]]></Field>
	<Field name="ITxt" type="com.sunopsis.sql.DbInt"><![CDATA[1187]]></Field>
	<Field name="ITxtOrig" type="com.sunopsis.sql.DbInt"><![CDATA[110]]></Field>
	<Field name="SqlIndGrp" type="java.lang.String"><![CDATA[0]]></Field>
 <Field name="Txt" type="java.lang.String">null</Field>
</Object>
<Object class="com.sunopsis.dwg.dbobj.SnpOrigTxt">
		<Field name="GlobalId" type="java.lang.String">null</Field>
	<Field name="ITxtOrig" type="com.sunopsis.sql.DbInt"><![CDATA[110]]></Field>
	<Field name="OrigineName" type="java.lang.String"><![CDATA[Text value]]></Field>
	<Field name="SnpsCol" type="java.lang.String"><![CDATA[I_TXT_VALUE]]></Field>
	<Field name="SnpsTable" type="java.lang.String"><![CDATA[SNP_USER_EXIT]]></Field>
</Object>
<Object class="com.sunopsis.dwg.dbobj.SnpTxtHeader">
		<Field name="Enc" type="java.lang.String"><![CDATA[0]]></Field>
	<Field name="EncKey" type="java.lang.String">null</Field>
 <Field name="EncKeyVect" type="java.lang.String">null</Field>
	<Field name="GlobalId" type="java.lang.String"><![CDATA[6457ee26-801d-41d6-bc02-ca3809892645]]></Field>
	<Field name="ITxt" type="com.sunopsis.sql.DbInt"><![CDATA[1186]]></Field>
	<Field name="ITxtOrig" type="com.sunopsis.sql.DbInt"><![CDATA[111]]></Field>
	<Field name="SqlIndGrp" type="java.lang.String"><![CDATA[0]]></Field>
 <Field name="Txt" type="java.lang.String"><![CDATA[This option allows to override the entire Hive row format definition of the staging table (in case USE_STAGE_TABLE is set to true) or the target table (in case USE_STAGE_TABLE is set to false). It contains the text to be used for row format definition. 

Example for reading Apache Combined WebLog files: 

ROW FORMAT SERDE 'org.apache.hadoop.hive.contrib.serde2.RegexSerDe' 
WITH SERDEPROPERTIES ( 
  "input.regex" = "([^ ]*) ([^ ]*) ([^ ]*) (-|\\[[^\\]]*\\]) ([^ \"]*|\"[^\"]*\") (-|[0-9]*) (-|[0-9]*) (\".*?\") (\".*?\") (\".*?\")", 
  "output.format.string" = "%1$s %2$s %3$s %4$s %5$s %6$s %7$s %8$s %9$s %10$s" ) 
STORED AS TEXTFILE 

The list of columns in the source DataStore must match the list of input groups in the regular expression (same number of columns and appropriate data types). 

If USE_STAGE_TABLE=false, the number of target columns must match the number of columns returned by the SerDe, in the above example: the number of groups in the regular expression. The number of source columns is ignored. (There must be at least one column mapped to the target.). All source data is mapped into the target table structure according to the column order: the SerDe's first column is mapped to the first target column. the SerDe's second column is mapped to the second target column. etc 

If USE_STAGE_TABLE=true, the source DataStore must have as many columns as the SerDe returns columns. Only data of mapped columns will be transfered.]]></Field>
</Object>
<Object class="com.sunopsis.dwg.dbobj.SnpLineTrt">
		<Field name="AlwaysExe" type="java.lang.String"><![CDATA[1]]></Field>
	<Field name="BrpId" type="com.sunopsis.sql.DbInt"><![CDATA[null]]></Field>
	<Field name="ColConnectId" type="java.lang.String">null</Field>
	<Field name="ColContextCode" type="java.lang.String">null</Field>
	<Field name="ColIndCommit" type="java.lang.String">null</Field>
	<Field name="ColIsolLevel" type="java.lang.String">null</Field>
	<Field name="ColITxt" type="com.sunopsis.sql.DbInt"><![CDATA[null]]></Field>
	<Field name="ColLanguage" type="java.lang.String">null</Field>
	<Field name="ColLschemaName" type="java.lang.String">null</Field>
	<Field name="ColTechno" type="java.lang.String">null</Field>
	<Field name="DefConnectId" type="java.lang.String">null</Field>
	<Field name="DefContextCode" type="java.lang.String">null</Field>
	<Field name="DefIndCommit" type="java.lang.String">null</Field>
	<Field name="DefIsolLevel" type="java.lang.String">null</Field>
	<Field name="DefITxt" type="com.sunopsis.sql.DbInt"><![CDATA[null]]></Field>
	<Field name="DefLanguage" type="java.lang.String">null</Field>
	<Field name="DefLschemaName" type="java.lang.String">null</Field>
	<Field name="DefTechno" type="java.lang.String">null</Field>
	<Field name="ExeChannel" type="java.lang.String"><![CDATA[J]]></Field>
	<Field name="FirstDate" type="java.sql.Timestamp">null</Field>
	<Field name="FirstUser" type="java.lang.String">null</Field>
	<Field name="GlobalId" type="java.lang.String"><![CDATA[c0516eb9-2b92-4e99-adbc-b390b1446f90]]></Field>
	<Field name="IndErr" type="java.lang.String"><![CDATA[0]]></Field>
	<Field name="IndLogFinalCmd" type="java.lang.String"><![CDATA[0]]></Field>
	<Field name="IndLogNb" type="java.lang.String">null</Field>
	<Field name="ILineTrt" type="com.sunopsis.sql.DbInt"><![CDATA[874]]></Field>
	<Field name="IRefLineTrt" type="com.sunopsis.sql.DbInt"><![CDATA[288]]></Field>
	<Field name="IRefTrt" type="com.sunopsis.sql.DbInt"><![CDATA[null]]></Field>
	<Field name="ITrt" type="com.sunopsis.sql.DbInt"><![CDATA[144]]></Field>
	<Field name="KcmAk" type="java.lang.String">null</Field>
	<Field name="KcmCond" type="java.lang.String">null</Field>
	<Field name="KcmErrDel" type="java.lang.String">null</Field>
	<Field name="KcmJoin" type="java.lang.String">null</Field>
	<Field name="KcmNull" type="java.lang.String">null</Field>
	<Field name="KcmPk" type="java.lang.String">null</Field>
	<Field name="KimDrvdSel" type="java.lang.String"><![CDATA[0]]></Field>
	<Field name="KimIdx" type="java.lang.String">null</Field>
	<Field name="KimJrn" type="java.lang.String"><![CDATA[0]]></Field>
	<Field name="KimJrnPop" type="java.lang.String"><![CDATA[0]]></Field>
	<Field name="KjmCreate" type="java.lang.String">null</Field>
	<Field name="KjmDrop" type="java.lang.String">null</Field>
	<Field name="KjmExtend" type="java.lang.String">null</Field>
	<Field name="KjmInstall" type="java.lang.String">null</Field>
	<Field name="KjmLock" type="java.lang.String">null</Field>
	<Field name="KjmPurge" type="java.lang.String">null</Field>
	<Field name="KjmSetInstall" type="java.lang.String">null</Field>
	<Field name="KjmSetUninstall" type="java.lang.String">null</Field>
	<Field name="KjmSubscribe" type="java.lang.String">null</Field>
	<Field name="KjmTableOrder" type="java.lang.String">null</Field>
	<Field name="KjmUninstall" type="java.lang.String">null</Field>
	<Field name="KjmUnlock" type="java.lang.String">null</Field>
	<Field name="KjmUnsubscribe" type="java.lang.String">null</Field>
	<Field name="KlmAfterInt" type="java.lang.String">null</Field>
	<Field name="KlmIdx" type="java.lang.String"><![CDATA[0]]></Field>
	<Field name="KlmJrn" type="java.lang.String"><![CDATA[0]]></Field>
	<Field name="LastDate" type="java.sql.Timestamp">null</Field>
	<Field name="LastUser" type="java.lang.String">null</Field>
	<Field name="LineType" type="java.lang.String"><![CDATA[L]]></Field>
	<Field name="LogLevDet" type="java.lang.String"><![CDATA[3]]></Field>
	<Field name="MapTaskType" type="java.lang.String"><![CDATA[MC]]></Field>
	<Field name="OrdTrt" type="com.sunopsis.sql.DbInt"><![CDATA[0]]></Field>
	<Field name="SqlName" type="java.lang.String"><![CDATA[Cleanup work table]]></Field>
	<Field name="SupportedSubtypes" type="java.lang.String"><![CDATA[INSERT]]></Field>
	<Field name="VariableDefs" type="java.lang.String">null</Field>
</Object>
<Object class="com.sunopsis.dwg.dbobj.SnpReferencedObject">
		<Field name="IObject" type="com.sunopsis.sql.DbInt"><![CDATA[4100]]></Field>
	<Field name="ObjectPKasString" type="java.lang.String"><![CDATA[288]]></Field>
	<Field name="ObjectAKasString" type="java.lang.String"><![CDATA[]]></Field>
	<Field name="Description" type="java.lang.String"><![CDATA[SNP_TRT : HiveBaseLKM #SNP_LINETRT : Cleanup work table]]></Field>
 <Field name="GlobalId" type="java.lang.String"><![CDATA[b1a10f88-8634-4e28-9a11-5a6fb724f0b6]]></Field>
</Object>
<Object class="com.sunopsis.dwg.dbobj.SnpLineTrt">
		<Field name="AlwaysExe" type="java.lang.String"><![CDATA[1]]></Field>
	<Field name="BrpId" type="com.sunopsis.sql.DbInt"><![CDATA[null]]></Field>
	<Field name="ColConnectId" type="java.lang.String">null</Field>
	<Field name="ColContextCode" type="java.lang.String">null</Field>
	<Field name="ColIndCommit" type="java.lang.String">null</Field>
	<Field name="ColIsolLevel" type="java.lang.String">null</Field>
	<Field name="ColITxt" type="com.sunopsis.sql.DbInt"><![CDATA[null]]></Field>
	<Field name="ColLanguage" type="java.lang.String">null</Field>
	<Field name="ColLschemaName" type="java.lang.String">null</Field>
	<Field name="ColTechno" type="java.lang.String">null</Field>
	<Field name="DefConnectId" type="java.lang.String">null</Field>
	<Field name="DefContextCode" type="java.lang.String">null</Field>
	<Field name="DefIndCommit" type="java.lang.String">null</Field>
	<Field name="DefIsolLevel" type="java.lang.String">null</Field>
	<Field name="DefITxt" type="com.sunopsis.sql.DbInt"><![CDATA[null]]></Field>
	<Field name="DefLanguage" type="java.lang.String">null</Field>
	<Field name="DefLschemaName" type="java.lang.String">null</Field>
	<Field name="DefTechno" type="java.lang.String">null</Field>
	<Field name="ExeChannel" type="java.lang.String"><![CDATA[J]]></Field>
	<Field name="FirstDate" type="java.sql.Timestamp">null</Field>
	<Field name="FirstUser" type="java.lang.String">null</Field>
	<Field name="GlobalId" type="java.lang.String"><![CDATA[5fc31b97-644a-485d-ad93-fe6fac61541c]]></Field>
	<Field name="IndErr" type="java.lang.String"><![CDATA[0]]></Field>
	<Field name="IndLogFinalCmd" type="java.lang.String"><![CDATA[0]]></Field>
	<Field name="IndLogNb" type="java.lang.String">null</Field>
	<Field name="ILineTrt" type="com.sunopsis.sql.DbInt"><![CDATA[872]]></Field>
	<Field name="IRefLineTrt" type="com.sunopsis.sql.DbInt"><![CDATA[287]]></Field>
	<Field name="IRefTrt" type="com.sunopsis.sql.DbInt"><![CDATA[null]]></Field>
	<Field name="ITrt" type="com.sunopsis.sql.DbInt"><![CDATA[144]]></Field>
	<Field name="KcmAk" type="java.lang.String">null</Field>
	<Field name="KcmCond" type="java.lang.String">null</Field>
	<Field name="KcmErrDel" type="java.lang.String">null</Field>
	<Field name="KcmJoin" type="java.lang.String">null</Field>
	<Field name="KcmNull" type="java.lang.String">null</Field>
	<Field name="KcmPk" type="java.lang.String">null</Field>
	<Field name="KimDrvdSel" type="java.lang.String"><![CDATA[0]]></Field>
	<Field name="KimIdx" type="java.lang.String">null</Field>
	<Field name="KimJrn" type="java.lang.String"><![CDATA[0]]></Field>
	<Field name="KimJrnPop" type="java.lang.String"><![CDATA[0]]></Field>
	<Field name="KjmCreate" type="java.lang.String">null</Field>
	<Field name="KjmDrop" type="java.lang.String">null</Field>
	<Field name="KjmExtend" type="java.lang.String">null</Field>
	<Field name="KjmInstall" type="java.lang.String">null</Field>
	<Field name="KjmLock" type="java.lang.String">null</Field>
	<Field name="KjmPurge" type="java.lang.String">null</Field>
	<Field name="KjmSetInstall" type="java.lang.String">null</Field>
	<Field name="KjmSetUninstall" type="java.lang.String">null</Field>
	<Field name="KjmSubscribe" type="java.lang.String">null</Field>
	<Field name="KjmTableOrder" type="java.lang.String">null</Field>
	<Field name="KjmUninstall" type="java.lang.String">null</Field>
	<Field name="KjmUnlock" type="java.lang.String">null</Field>
	<Field name="KjmUnsubscribe" type="java.lang.String">null</Field>
	<Field name="KlmAfterInt" type="java.lang.String">null</Field>
	<Field name="KlmIdx" type="java.lang.String"><![CDATA[0]]></Field>
	<Field name="KlmJrn" type="java.lang.String"><![CDATA[0]]></Field>
	<Field name="LastDate" type="java.sql.Timestamp">null</Field>
	<Field name="LastUser" type="java.lang.String">null</Field>
	<Field name="LineType" type="java.lang.String"><![CDATA[L]]></Field>
	<Field name="LogLevDet" type="java.lang.String"><![CDATA[3]]></Field>
	<Field name="MapTaskType" type="java.lang.String"><![CDATA[MB]]></Field>
	<Field name="OrdTrt" type="com.sunopsis.sql.DbInt"><![CDATA[0]]></Field>
	<Field name="SqlName" type="java.lang.String"><![CDATA[Create work table]]></Field>
	<Field name="SupportedSubtypes" type="java.lang.String"><![CDATA[INSERT]]></Field>
	<Field name="VariableDefs" type="java.lang.String">null</Field>
</Object>
<Object class="com.sunopsis.dwg.dbobj.SnpReferencedObject">
		<Field name="IObject" type="com.sunopsis.sql.DbInt"><![CDATA[4100]]></Field>
	<Field name="ObjectPKasString" type="java.lang.String"><![CDATA[287]]></Field>
	<Field name="ObjectAKasString" type="java.lang.String"><![CDATA[]]></Field>
	<Field name="Description" type="java.lang.String"><![CDATA[SNP_TRT : HiveBaseLKM #SNP_LINETRT : Create work table]]></Field>
 <Field name="GlobalId" type="java.lang.String"><![CDATA[ddc3bc5a-7fc4-44f6-98ca-b4e67c02b490]]></Field>
</Object>
<Object class="com.sunopsis.dwg.dbobj.SnpLineTrt">
		<Field name="AlwaysExe" type="java.lang.String"><![CDATA[1]]></Field>
	<Field name="BrpId" type="com.sunopsis.sql.DbInt"><![CDATA[null]]></Field>
	<Field name="ColConnectId" type="java.lang.String">null</Field>
	<Field name="ColContextCode" type="java.lang.String">null</Field>
	<Field name="ColIndCommit" type="java.lang.String">null</Field>
	<Field name="ColIsolLevel" type="java.lang.String">null</Field>
	<Field name="ColITxt" type="com.sunopsis.sql.DbInt"><![CDATA[null]]></Field>
	<Field name="ColLanguage" type="java.lang.String">null</Field>
	<Field name="ColLschemaName" type="java.lang.String">null</Field>
	<Field name="ColTechno" type="java.lang.String">null</Field>
	<Field name="DefConnectId" type="java.lang.String">null</Field>
	<Field name="DefContextCode" type="java.lang.String">null</Field>
	<Field name="DefIndCommit" type="java.lang.String">null</Field>
	<Field name="DefIsolLevel" type="java.lang.String">null</Field>
	<Field name="DefITxt" type="com.sunopsis.sql.DbInt"><![CDATA[null]]></Field>
	<Field name="DefLanguage" type="java.lang.String">null</Field>
	<Field name="DefLschemaName" type="java.lang.String">null</Field>
	<Field name="DefTechno" type="java.lang.String">null</Field>
	<Field name="ExeChannel" type="java.lang.String"><![CDATA[J]]></Field>
	<Field name="FirstDate" type="java.sql.Timestamp">null</Field>
	<Field name="FirstUser" type="java.lang.String">null</Field>
	<Field name="GlobalId" type="java.lang.String"><![CDATA[fda90a5b-cb0f-44d7-9c2c-fdc0e42d0a68]]></Field>
	<Field name="IndErr" type="java.lang.String"><![CDATA[0]]></Field>
	<Field name="IndLogFinalCmd" type="java.lang.String"><![CDATA[0]]></Field>
	<Field name="IndLogNb" type="java.lang.String">null</Field>
	<Field name="ILineTrt" type="com.sunopsis.sql.DbInt"><![CDATA[873]]></Field>
	<Field name="IRefLineTrt" type="com.sunopsis.sql.DbInt"><![CDATA[289]]></Field>
	<Field name="IRefTrt" type="com.sunopsis.sql.DbInt"><![CDATA[null]]></Field>
	<Field name="ITrt" type="com.sunopsis.sql.DbInt"><![CDATA[144]]></Field>
	<Field name="KcmAk" type="java.lang.String">null</Field>
	<Field name="KcmCond" type="java.lang.String">null</Field>
	<Field name="KcmErrDel" type="java.lang.String">null</Field>
	<Field name="KcmJoin" type="java.lang.String">null</Field>
	<Field name="KcmNull" type="java.lang.String">null</Field>
	<Field name="KcmPk" type="java.lang.String">null</Field>
	<Field name="KimDrvdSel" type="java.lang.String"><![CDATA[0]]></Field>
	<Field name="KimIdx" type="java.lang.String">null</Field>
	<Field name="KimJrn" type="java.lang.String"><![CDATA[0]]></Field>
	<Field name="KimJrnPop" type="java.lang.String"><![CDATA[0]]></Field>
	<Field name="KjmCreate" type="java.lang.String">null</Field>
	<Field name="KjmDrop" type="java.lang.String">null</Field>
	<Field name="KjmExtend" type="java.lang.String">null</Field>
	<Field name="KjmInstall" type="java.lang.String">null</Field>
	<Field name="KjmLock" type="java.lang.String">null</Field>
	<Field name="KjmPurge" type="java.lang.String">null</Field>
	<Field name="KjmSetInstall" type="java.lang.String">null</Field>
	<Field name="KjmSetUninstall" type="java.lang.String">null</Field>
	<Field name="KjmSubscribe" type="java.lang.String">null</Field>
	<Field name="KjmTableOrder" type="java.lang.String">null</Field>
	<Field name="KjmUninstall" type="java.lang.String">null</Field>
	<Field name="KjmUnlock" type="java.lang.String">null</Field>
	<Field name="KjmUnsubscribe" type="java.lang.String">null</Field>
	<Field name="KlmAfterInt" type="java.lang.String">null</Field>
	<Field name="KlmIdx" type="java.lang.String"><![CDATA[0]]></Field>
	<Field name="KlmJrn" type="java.lang.String"><![CDATA[0]]></Field>
	<Field name="LastDate" type="java.sql.Timestamp">null</Field>
	<Field name="LastUser" type="java.lang.String">null</Field>
	<Field name="LineType" type="java.lang.String"><![CDATA[L]]></Field>
	<Field name="LogLevDet" type="java.lang.String"><![CDATA[3]]></Field>
	<Field name="MapTaskType" type="java.lang.String"><![CDATA[EE]]></Field>
	<Field name="OrdTrt" type="com.sunopsis.sql.DbInt"><![CDATA[0]]></Field>
	<Field name="SqlName" type="java.lang.String"><![CDATA[Create Temporary Indexes on Stage]]></Field>
	<Field name="SupportedSubtypes" type="java.lang.String"><![CDATA[INSERT]]></Field>
	<Field name="VariableDefs" type="java.lang.String">null</Field>
</Object>
<Object class="com.sunopsis.dwg.dbobj.SnpReferencedObject">
		<Field name="IObject" type="com.sunopsis.sql.DbInt"><![CDATA[4100]]></Field>
	<Field name="ObjectPKasString" type="java.lang.String"><![CDATA[289]]></Field>
	<Field name="ObjectAKasString" type="java.lang.String"><![CDATA[]]></Field>
	<Field name="Description" type="java.lang.String"><![CDATA[SNP_TRT : HiveBaseLKM #SNP_LINETRT : Create Temporary Indexes on Stage]]></Field>
 <Field name="GlobalId" type="java.lang.String"><![CDATA[528fbb22-c9b4-40d3-b121-165055caaff8]]></Field>
</Object>
<Object class="com.sunopsis.dwg.dbobj.SnpLineTrt">
		<Field name="AlwaysExe" type="java.lang.String"><![CDATA[1]]></Field>
	<Field name="BrpId" type="com.sunopsis.sql.DbInt"><![CDATA[null]]></Field>
	<Field name="ColConnectId" type="java.lang.String">null</Field>
	<Field name="ColContextCode" type="java.lang.String">null</Field>
	<Field name="ColIndCommit" type="java.lang.String">null</Field>
	<Field name="ColIsolLevel" type="java.lang.String">null</Field>
	<Field name="ColITxt" type="com.sunopsis.sql.DbInt"><![CDATA[null]]></Field>
	<Field name="ColLanguage" type="java.lang.String">null</Field>
	<Field name="ColLschemaName" type="java.lang.String">null</Field>
	<Field name="ColTechno" type="java.lang.String">null</Field>
	<Field name="DefConnectId" type="java.lang.String">null</Field>
	<Field name="DefContextCode" type="java.lang.String">null</Field>
	<Field name="DefIndCommit" type="java.lang.String">null</Field>
	<Field name="DefIsolLevel" type="java.lang.String">null</Field>
	<Field name="DefITxt" type="com.sunopsis.sql.DbInt"><![CDATA[null]]></Field>
	<Field name="DefLanguage" type="java.lang.String">null</Field>
	<Field name="DefLschemaName" type="java.lang.String">null</Field>
	<Field name="DefTechno" type="java.lang.String">null</Field>
	<Field name="ExeChannel" type="java.lang.String"><![CDATA[J]]></Field>
	<Field name="FirstDate" type="java.sql.Timestamp">null</Field>
	<Field name="FirstUser" type="java.lang.String">null</Field>
	<Field name="GlobalId" type="java.lang.String"><![CDATA[f612fe47-a928-43b1-9aaf-ff43e8e39c56]]></Field>
	<Field name="IndErr" type="java.lang.String"><![CDATA[0]]></Field>
	<Field name="IndLogFinalCmd" type="java.lang.String"><![CDATA[0]]></Field>
	<Field name="IndLogNb" type="java.lang.String">null</Field>
	<Field name="ILineTrt" type="com.sunopsis.sql.DbInt"><![CDATA[870]]></Field>
	<Field name="IRefLineTrt" type="com.sunopsis.sql.DbInt"><![CDATA[285]]></Field>
	<Field name="IRefTrt" type="com.sunopsis.sql.DbInt"><![CDATA[null]]></Field>
	<Field name="ITrt" type="com.sunopsis.sql.DbInt"><![CDATA[144]]></Field>
	<Field name="KcmAk" type="java.lang.String">null</Field>
	<Field name="KcmCond" type="java.lang.String">null</Field>
	<Field name="KcmErrDel" type="java.lang.String">null</Field>
	<Field name="KcmJoin" type="java.lang.String">null</Field>
	<Field name="KcmNull" type="java.lang.String">null</Field>
	<Field name="KcmPk" type="java.lang.String">null</Field>
	<Field name="KimDrvdSel" type="java.lang.String"><![CDATA[0]]></Field>
	<Field name="KimIdx" type="java.lang.String">null</Field>
	<Field name="KimJrn" type="java.lang.String"><![CDATA[0]]></Field>
	<Field name="KimJrnPop" type="java.lang.String"><![CDATA[0]]></Field>
	<Field name="KjmCreate" type="java.lang.String">null</Field>
	<Field name="KjmDrop" type="java.lang.String">null</Field>
	<Field name="KjmExtend" type="java.lang.String">null</Field>
	<Field name="KjmInstall" type="java.lang.String">null</Field>
	<Field name="KjmLock" type="java.lang.String">null</Field>
	<Field name="KjmPurge" type="java.lang.String">null</Field>
	<Field name="KjmSetInstall" type="java.lang.String">null</Field>
	<Field name="KjmSetUninstall" type="java.lang.String">null</Field>
	<Field name="KjmSubscribe" type="java.lang.String">null</Field>
	<Field name="KjmTableOrder" type="java.lang.String">null</Field>
	<Field name="KjmUninstall" type="java.lang.String">null</Field>
	<Field name="KjmUnlock" type="java.lang.String">null</Field>
	<Field name="KjmUnsubscribe" type="java.lang.String">null</Field>
	<Field name="KlmAfterInt" type="java.lang.String">null</Field>
	<Field name="KlmIdx" type="java.lang.String"><![CDATA[0]]></Field>
	<Field name="KlmJrn" type="java.lang.String"><![CDATA[0]]></Field>
	<Field name="LastDate" type="java.sql.Timestamp">null</Field>
	<Field name="LastUser" type="java.lang.String">null</Field>
	<Field name="LineType" type="java.lang.String"><![CDATA[L]]></Field>
	<Field name="LogLevDet" type="java.lang.String"><![CDATA[3]]></Field>
	<Field name="MapTaskType" type="java.lang.String"><![CDATA[MB]]></Field>
	<Field name="OrdTrt" type="com.sunopsis.sql.DbInt"><![CDATA[0]]></Field>
	<Field name="SqlName" type="java.lang.String"><![CDATA[Prepare Hive Session]]></Field>
	<Field name="SupportedSubtypes" type="java.lang.String"><![CDATA[INSERT]]></Field>
	<Field name="VariableDefs" type="java.lang.String">null</Field>
</Object>
<Object class="com.sunopsis.dwg.dbobj.SnpReferencedObject">
		<Field name="IObject" type="com.sunopsis.sql.DbInt"><![CDATA[4100]]></Field>
	<Field name="ObjectPKasString" type="java.lang.String"><![CDATA[285]]></Field>
	<Field name="ObjectAKasString" type="java.lang.String"><![CDATA[]]></Field>
	<Field name="Description" type="java.lang.String"><![CDATA[SNP_TRT : HiveBaseKM #SNP_LINETRT : Prepare Hive Session]]></Field>
 <Field name="GlobalId" type="java.lang.String"><![CDATA[90df928c-2caa-4fe3-a593-5a43ae50b26c]]></Field>
</Object>
<Object class="com.sunopsis.dwg.dbobj.SnpLineTrt">
		<Field name="AlwaysExe" type="java.lang.String"><![CDATA[1]]></Field>
	<Field name="BrpId" type="com.sunopsis.sql.DbInt"><![CDATA[null]]></Field>
	<Field name="ColConnectId" type="java.lang.String">null</Field>
	<Field name="ColContextCode" type="java.lang.String">null</Field>
	<Field name="ColIndCommit" type="java.lang.String">null</Field>
	<Field name="ColIsolLevel" type="java.lang.String">null</Field>
	<Field name="ColITxt" type="com.sunopsis.sql.DbInt"><![CDATA[null]]></Field>
	<Field name="ColLanguage" type="java.lang.String">null</Field>
	<Field name="ColLschemaName" type="java.lang.String">null</Field>
	<Field name="ColTechno" type="java.lang.String">null</Field>
	<Field name="DefConnectId" type="java.lang.String">null</Field>
	<Field name="DefContextCode" type="java.lang.String">null</Field>
	<Field name="DefIndCommit" type="java.lang.String">null</Field>
	<Field name="DefIsolLevel" type="java.lang.String">null</Field>
	<Field name="DefITxt" type="com.sunopsis.sql.DbInt"><![CDATA[null]]></Field>
	<Field name="DefLanguage" type="java.lang.String">null</Field>
	<Field name="DefLschemaName" type="java.lang.String">null</Field>
	<Field name="DefTechno" type="java.lang.String">null</Field>
	<Field name="ExeChannel" type="java.lang.String"><![CDATA[J]]></Field>
	<Field name="FirstDate" type="java.sql.Timestamp">null</Field>
	<Field name="FirstUser" type="java.lang.String">null</Field>
	<Field name="GlobalId" type="java.lang.String"><![CDATA[feea5ced-1b19-4c4e-85ee-6b8f10e21f41]]></Field>
	<Field name="IndErr" type="java.lang.String"><![CDATA[0]]></Field>
	<Field name="IndLogFinalCmd" type="java.lang.String"><![CDATA[0]]></Field>
	<Field name="IndLogNb" type="java.lang.String">null</Field>
	<Field name="ILineTrt" type="com.sunopsis.sql.DbInt"><![CDATA[871]]></Field>
	<Field name="IRefLineTrt" type="com.sunopsis.sql.DbInt"><![CDATA[286]]></Field>
	<Field name="IRefTrt" type="com.sunopsis.sql.DbInt"><![CDATA[null]]></Field>
	<Field name="ITrt" type="com.sunopsis.sql.DbInt"><![CDATA[144]]></Field>
	<Field name="KcmAk" type="java.lang.String">null</Field>
	<Field name="KcmCond" type="java.lang.String">null</Field>
	<Field name="KcmErrDel" type="java.lang.String">null</Field>
	<Field name="KcmJoin" type="java.lang.String">null</Field>
	<Field name="KcmNull" type="java.lang.String">null</Field>
	<Field name="KcmPk" type="java.lang.String">null</Field>
	<Field name="KimDrvdSel" type="java.lang.String"><![CDATA[0]]></Field>
	<Field name="KimIdx" type="java.lang.String">null</Field>
	<Field name="KimJrn" type="java.lang.String"><![CDATA[0]]></Field>
	<Field name="KimJrnPop" type="java.lang.String"><![CDATA[0]]></Field>
	<Field name="KjmCreate" type="java.lang.String">null</Field>
	<Field name="KjmDrop" type="java.lang.String">null</Field>
	<Field name="KjmExtend" type="java.lang.String">null</Field>
	<Field name="KjmInstall" type="java.lang.String">null</Field>
	<Field name="KjmLock" type="java.lang.String">null</Field>
	<Field name="KjmPurge" type="java.lang.String">null</Field>
	<Field name="KjmSetInstall" type="java.lang.String">null</Field>
	<Field name="KjmSetUninstall" type="java.lang.String">null</Field>
	<Field name="KjmSubscribe" type="java.lang.String">null</Field>
	<Field name="KjmTableOrder" type="java.lang.String">null</Field>
	<Field name="KjmUninstall" type="java.lang.String">null</Field>
	<Field name="KjmUnlock" type="java.lang.String">null</Field>
	<Field name="KjmUnsubscribe" type="java.lang.String">null</Field>
	<Field name="KlmAfterInt" type="java.lang.String">null</Field>
	<Field name="KlmIdx" type="java.lang.String"><![CDATA[0]]></Field>
	<Field name="KlmJrn" type="java.lang.String"><![CDATA[0]]></Field>
	<Field name="LastDate" type="java.sql.Timestamp">null</Field>
	<Field name="LastUser" type="java.lang.String">null</Field>
	<Field name="LineType" type="java.lang.String"><![CDATA[L]]></Field>
	<Field name="LogLevDet" type="java.lang.String"><![CDATA[3]]></Field>
	<Field name="MapTaskType" type="java.lang.String"><![CDATA[MB]]></Field>
	<Field name="OrdTrt" type="com.sunopsis.sql.DbInt"><![CDATA[0]]></Field>
	<Field name="SqlName" type="java.lang.String"><![CDATA[Drop work table]]></Field>
	<Field name="SupportedSubtypes" type="java.lang.String"><![CDATA[INSERT]]></Field>
	<Field name="VariableDefs" type="java.lang.String">null</Field>
</Object>
<Object class="com.sunopsis.dwg.dbobj.SnpReferencedObject">
		<Field name="IObject" type="com.sunopsis.sql.DbInt"><![CDATA[4100]]></Field>
	<Field name="ObjectPKasString" type="java.lang.String"><![CDATA[286]]></Field>
	<Field name="ObjectAKasString" type="java.lang.String"><![CDATA[]]></Field>
	<Field name="Description" type="java.lang.String"><![CDATA[SNP_TRT : HiveBaseLKM #SNP_LINETRT : Drop work table]]></Field>
 <Field name="GlobalId" type="java.lang.String"><![CDATA[c38c0cdc-d959-42ba-b90b-3b4ae16c9ed4]]></Field>
</Object>
<Object class="com.sunopsis.dwg.dbobj.SnpLineTrt">
		<Field name="AlwaysExe" type="java.lang.String"><![CDATA[1]]></Field>
	<Field name="BrpId" type="com.sunopsis.sql.DbInt"><![CDATA[null]]></Field>
	<Field name="ColConnectId" type="java.lang.String">null</Field>
	<Field name="ColContextCode" type="java.lang.String">null</Field>
	<Field name="ColIndCommit" type="java.lang.String">null</Field>
	<Field name="ColIsolLevel" type="java.lang.String">null</Field>
	<Field name="ColITxt" type="com.sunopsis.sql.DbInt"><![CDATA[null]]></Field>
	<Field name="ColLanguage" type="java.lang.String">null</Field>
	<Field name="ColLschemaName" type="java.lang.String">null</Field>
	<Field name="ColTechno" type="java.lang.String">null</Field>
	<Field name="DefConnectId" type="java.lang.String">null</Field>
	<Field name="DefContextCode" type="java.lang.String">null</Field>
	<Field name="DefIndCommit" type="java.lang.String">null</Field>
	<Field name="DefIsolLevel" type="java.lang.String">null</Field>
	<Field name="DefITxt" type="com.sunopsis.sql.DbInt"><![CDATA[null]]></Field>
	<Field name="DefLanguage" type="java.lang.String">null</Field>
	<Field name="DefLschemaName" type="java.lang.String">null</Field>
	<Field name="DefTechno" type="java.lang.String">null</Field>
	<Field name="ExeChannel" type="java.lang.String"><![CDATA[J]]></Field>
	<Field name="FirstDate" type="java.sql.Timestamp">null</Field>
	<Field name="FirstUser" type="java.lang.String">null</Field>
	<Field name="GlobalId" type="java.lang.String"><![CDATA[a6102281-c28a-4a94-ad48-13f4ccae1aef]]></Field>
	<Field name="IndErr" type="java.lang.String"><![CDATA[0]]></Field>
	<Field name="IndLogFinalCmd" type="java.lang.String"><![CDATA[0]]></Field>
	<Field name="IndLogNb" type="java.lang.String">null</Field>
	<Field name="ILineTrt" type="com.sunopsis.sql.DbInt"><![CDATA[875]]></Field>
	<Field name="IRefLineTrt" type="com.sunopsis.sql.DbInt"><![CDATA[290]]></Field>
	<Field name="IRefTrt" type="com.sunopsis.sql.DbInt"><![CDATA[null]]></Field>
	<Field name="ITrt" type="com.sunopsis.sql.DbInt"><![CDATA[144]]></Field>
	<Field name="KcmAk" type="java.lang.String">null</Field>
	<Field name="KcmCond" type="java.lang.String">null</Field>
	<Field name="KcmErrDel" type="java.lang.String">null</Field>
	<Field name="KcmJoin" type="java.lang.String">null</Field>
	<Field name="KcmNull" type="java.lang.String">null</Field>
	<Field name="KcmPk" type="java.lang.String">null</Field>
	<Field name="KimDrvdSel" type="java.lang.String"><![CDATA[0]]></Field>
	<Field name="KimIdx" type="java.lang.String">null</Field>
	<Field name="KimJrn" type="java.lang.String"><![CDATA[0]]></Field>
	<Field name="KimJrnPop" type="java.lang.String"><![CDATA[0]]></Field>
	<Field name="KjmCreate" type="java.lang.String">null</Field>
	<Field name="KjmDrop" type="java.lang.String">null</Field>
	<Field name="KjmExtend" type="java.lang.String">null</Field>
	<Field name="KjmInstall" type="java.lang.String">null</Field>
	<Field name="KjmLock" type="java.lang.String">null</Field>
	<Field name="KjmPurge" type="java.lang.String">null</Field>
	<Field name="KjmSetInstall" type="java.lang.String">null</Field>
	<Field name="KjmSetUninstall" type="java.lang.String">null</Field>
	<Field name="KjmSubscribe" type="java.lang.String">null</Field>
	<Field name="KjmTableOrder" type="java.lang.String">null</Field>
	<Field name="KjmUninstall" type="java.lang.String">null</Field>
	<Field name="KjmUnlock" type="java.lang.String">null</Field>
	<Field name="KjmUnsubscribe" type="java.lang.String">null</Field>
	<Field name="KlmAfterInt" type="java.lang.String">null</Field>
	<Field name="KlmIdx" type="java.lang.String"><![CDATA[0]]></Field>
	<Field name="KlmJrn" type="java.lang.String"><![CDATA[0]]></Field>
	<Field name="LastDate" type="java.sql.Timestamp">null</Field>
	<Field name="LastUser" type="java.lang.String">null</Field>
	<Field name="LineType" type="java.lang.String"><![CDATA[L]]></Field>
	<Field name="LogLevDet" type="java.lang.String"><![CDATA[3]]></Field>
	<Field name="MapTaskType" type="java.lang.String"><![CDATA[MC]]></Field>
	<Field name="OrdTrt" type="com.sunopsis.sql.DbInt"><![CDATA[0]]></Field>
	<Field name="SqlName" type="java.lang.String"><![CDATA[Drop Temporary Indexes on Stage]]></Field>
	<Field name="SupportedSubtypes" type="java.lang.String"><![CDATA[SELECT]]></Field>
	<Field name="VariableDefs" type="java.lang.String">null</Field>
</Object>
<Object class="com.sunopsis.dwg.dbobj.SnpReferencedObject">
		<Field name="IObject" type="com.sunopsis.sql.DbInt"><![CDATA[4100]]></Field>
	<Field name="ObjectPKasString" type="java.lang.String"><![CDATA[290]]></Field>
	<Field name="ObjectAKasString" type="java.lang.String"><![CDATA[]]></Field>
	<Field name="Description" type="java.lang.String"><![CDATA[SNP_TRT : HiveBaseLKM #SNP_LINETRT : Drop Temporary Indexes on Stage]]></Field>
 <Field name="GlobalId" type="java.lang.String"><![CDATA[de081d68-bae9-42d4-b184-8445139b9515]]></Field>
</Object>
<Object class="com.sunopsis.dwg.dbobj.SnpFKXRef">
		<Field name="RefKey" type="java.lang.String"><![CDATA[SNP_TXTHEADER.1184]]></Field>
	<Field name="RefObjGlobalId" type="java.lang.String"><![CDATA[31baf0dd-f591-4af6-845b-22c37d17e43e]]></Field>
 <Field name="RefObjFQName" type="java.lang.String">null</Field>
 <Field name="RefObjFQType" type="java.lang.String">null</Field>
 <Field name="RefObjFQNameLengths" type="java.lang.String">null</Field>
</Object>
<Object class="com.sunopsis.dwg.dbobj.SnpFKXRef">
		<Field name="RefKey" type="java.lang.String"><![CDATA[SNP_TRT.51]]></Field>
	<Field name="RefObjGlobalId" type="java.lang.String"><![CDATA[f5a07b3d-e76f-425e-a851-59ebaaaf5853]]></Field>
 <Field name="RefObjFQName" type="java.lang.String"><![CDATA[HiveBaseLKM]]></Field>
 <Field name="RefObjFQType" type="java.lang.String"><![CDATA[SNP_TRT]]></Field>
 <Field name="RefObjFQNameLengths" type="java.lang.String"><![CDATA[11]]></Field>
</Object>
<Object class="com.sunopsis.dwg.dbobj.SnpFKXRef">
		<Field name="RefKey" type="java.lang.String"><![CDATA[SNP_TRT.144]]></Field>
	<Field name="RefObjGlobalId" type="java.lang.String"><![CDATA[3E81556ABA524C43E053E603C40A0759]]></Field>
 <Field name="RefObjFQName" type="java.lang.String"><![CDATA[HiveHdfsLKM]]></Field>
 <Field name="RefObjFQType" type="java.lang.String"><![CDATA[SNP_TRT]]></Field>
 <Field name="RefObjFQNameLengths" type="java.lang.String"><![CDATA[11]]></Field>
</Object>
<Object class="com.sunopsis.dwg.dbobj.SnpFKXRef">
		<Field name="RefKey" type="java.lang.String"><![CDATA[SNP_KMTEMPLATE.8]]></Field>
	<Field name="RefObjGlobalId" type="java.lang.String"><![CDATA[fa46f3ce-2d00-11e6-9458-00163e1ffd72]]></Field>
 <Field name="RefObjFQName" type="java.lang.String"><![CDATA[JoinTable]]></Field>
 <Field name="RefObjFQType" type="java.lang.String"><![CDATA[SNP_KMTEMPLATE]]></Field>
 <Field name="RefObjFQNameLengths" type="java.lang.String"><![CDATA[9]]></Field>
</Object>
<Object class="com.sunopsis.dwg.dbobj.SnpFKXRef">
		<Field name="RefKey" type="java.lang.String"><![CDATA[SNP_KMTEMPLATE.36]]></Field>
	<Field name="RefObjGlobalId" type="java.lang.String"><![CDATA[fa46d8e4-2d00-11e6-93c8-00163e1ffd72]]></Field>
 <Field name="RefObjFQName" type="java.lang.String"><![CDATA[TableFunctionReference]]></Field>
 <Field name="RefObjFQType" type="java.lang.String"><![CDATA[SNP_KMTEMPLATE]]></Field>
 <Field name="RefObjFQNameLengths" type="java.lang.String"><![CDATA[22]]></Field>
</Object>
<Object class="com.sunopsis.dwg.dbobj.SnpFKXRef">
		<Field name="RefKey" type="java.lang.String"><![CDATA[SNP_KMTEMPLATE.141]]></Field>
	<Field name="RefObjGlobalId" type="java.lang.String"><![CDATA[fa46ee06-2d00-11e6-9434-00163e1ffd72]]></Field>
 <Field name="RefObjFQName" type="java.lang.String"><![CDATA[CreateTable]]></Field>
 <Field name="RefObjFQType" type="java.lang.String"><![CDATA[SNP_KMTEMPLATE]]></Field>
 <Field name="RefObjFQNameLengths" type="java.lang.String"><![CDATA[11]]></Field>
</Object>
<Object class="com.sunopsis.dwg.dbobj.SnpFKXRef">
		<Field name="RefKey" type="java.lang.String"><![CDATA[SNP_KMTEMPLATE.29]]></Field>
	<Field name="RefObjGlobalId" type="java.lang.String"><![CDATA[c4633cfe-e55c-4fc2-8556-c2a8de93b01c]]></Field>
 <Field name="RefObjFQName" type="java.lang.String"><![CDATA[SourceMapAttribute]]></Field>
 <Field name="RefObjFQType" type="java.lang.String"><![CDATA[SNP_KMTEMPLATE]]></Field>
 <Field name="RefObjFQNameLengths" type="java.lang.String"><![CDATA[18]]></Field>
</Object>
<Object class="com.sunopsis.dwg.dbobj.SnpFKXRef">
		<Field name="RefKey" type="java.lang.String"><![CDATA[SNP_KMTEMPLATE.9]]></Field>
	<Field name="RefObjGlobalId" type="java.lang.String"><![CDATA[fa46f3a6-2d00-11e6-9457-00163e1ffd72]]></Field>
 <Field name="RefObjFQName" type="java.lang.String"><![CDATA[Table]]></Field>
 <Field name="RefObjFQType" type="java.lang.String"><![CDATA[SNP_KMTEMPLATE]]></Field>
 <Field name="RefObjFQNameLengths" type="java.lang.String"><![CDATA[5]]></Field>
</Object>
<Object class="com.sunopsis.dwg.dbobj.SnpFKXRef">
		<Field name="RefKey" type="java.lang.String"><![CDATA[SNP_KMTEMPLATE.1]]></Field>
	<Field name="RefObjGlobalId" type="java.lang.String"><![CDATA[fa46d13c-2d00-11e6-93ac-00163e1ffd72]]></Field>
 <Field name="RefObjFQName" type="java.lang.String"><![CDATA[SqlQuery]]></Field>
 <Field name="RefObjFQType" type="java.lang.String"><![CDATA[SNP_KMTEMPLATE]]></Field>
 <Field name="RefObjFQNameLengths" type="java.lang.String"><![CDATA[8]]></Field>
</Object>
<Object class="com.sunopsis.dwg.dbobj.SnpFKXRef">
		<Field name="RefKey" type="java.lang.String"><![CDATA[SNP_KMTEMPLATE.160]]></Field>
	<Field name="RefObjGlobalId" type="java.lang.String"><![CDATA[fa46f0d6-2d00-11e6-9444-00163e1ffd72]]></Field>
 <Field name="RefObjFQName" type="java.lang.String"><![CDATA[PrepareHiveSession]]></Field>
 <Field name="RefObjFQType" type="java.lang.String"><![CDATA[SNP_KMTEMPLATE]]></Field>
 <Field name="RefObjFQNameLengths" type="java.lang.String"><![CDATA[18]]></Field>
</Object>
<Object class="com.sunopsis.dwg.dbobj.SnpFKXRef">
		<Field name="RefKey" type="java.lang.String"><![CDATA[SNP_KMTEMPLATE.144]]></Field>
	<Field name="RefObjGlobalId" type="java.lang.String"><![CDATA[d6adac9f-1454-408b-b609-0d4682643358]]></Field>
 <Field name="RefObjFQName" type="java.lang.String"><![CDATA[DropTable]]></Field>
 <Field name="RefObjFQType" type="java.lang.String"><![CDATA[SNP_KMTEMPLATE]]></Field>
 <Field name="RefObjFQNameLengths" type="java.lang.String"><![CDATA[9]]></Field>
</Object>
<Object class="com.sunopsis.dwg.dbobj.SnpFKXRef">
		<Field name="RefKey" type="java.lang.String"><![CDATA[SNP_KMTEMPLATE.159]]></Field>
	<Field name="RefObjGlobalId" type="java.lang.String"><![CDATA[fa46f0ae-2d00-11e6-9443-00163e1ffd72]]></Field>
 <Field name="RefObjFQName" type="java.lang.String"><![CDATA[PrepareHiveSessionTarget]]></Field>
 <Field name="RefObjFQType" type="java.lang.String"><![CDATA[SNP_KMTEMPLATE]]></Field>
 <Field name="RefObjFQNameLengths" type="java.lang.String"><![CDATA[24]]></Field>
</Object>
<Object class="com.sunopsis.dwg.dbobj.SnpFKXRef">
		<Field name="RefKey" type="java.lang.String"><![CDATA[SNP_KMTEMPLATE.151]]></Field>
	<Field name="RefObjGlobalId" type="java.lang.String"><![CDATA[fa46efa0-2d00-11e6-943c-00163e1ffd72]]></Field>
 <Field name="RefObjFQName" type="java.lang.String"><![CDATA[CreateTempIndexStage]]></Field>
 <Field name="RefObjFQType" type="java.lang.String"><![CDATA[SNP_KMTEMPLATE]]></Field>
 <Field name="RefObjFQNameLengths" type="java.lang.String"><![CDATA[20]]></Field>
</Object>
<Object class="com.sunopsis.dwg.dbobj.SnpFKXRef">
		<Field name="RefKey" type="java.lang.String"><![CDATA[SNP_KMTEMPLATE.152]]></Field>
	<Field name="RefObjGlobalId" type="java.lang.String"><![CDATA[fa46efc8-2d00-11e6-943d-00163e1ffd72]]></Field>
 <Field name="RefObjFQName" type="java.lang.String"><![CDATA[DropTempIndexStage]]></Field>
 <Field name="RefObjFQType" type="java.lang.String"><![CDATA[SNP_KMTEMPLATE]]></Field>
 <Field name="RefObjFQNameLengths" type="java.lang.String"><![CDATA[18]]></Field>
</Object>
<Object class="com.sunopsis.dwg.dbobj.SnpFKXRef">
		<Field name="RefKey" type="java.lang.String"><![CDATA[SNP_TXTHEADER.1185]]></Field>
	<Field name="RefObjGlobalId" type="java.lang.String"><![CDATA[44c68d38-3cfb-4d2e-9557-c46f118fadbc]]></Field>
 <Field name="RefObjFQName" type="java.lang.String">null</Field>
 <Field name="RefObjFQType" type="java.lang.String">null</Field>
 <Field name="RefObjFQNameLengths" type="java.lang.String">null</Field>
</Object>
<Object class="com.sunopsis.dwg.dbobj.SnpFKXRef">
		<Field name="RefKey" type="java.lang.String"><![CDATA[SNP_TXTHEADER.1186]]></Field>
	<Field name="RefObjGlobalId" type="java.lang.String"><![CDATA[6457ee26-801d-41d6-bc02-ca3809892645]]></Field>
 <Field name="RefObjFQName" type="java.lang.String">null</Field>
 <Field name="RefObjFQType" type="java.lang.String">null</Field>
 <Field name="RefObjFQNameLengths" type="java.lang.String">null</Field>
</Object>
<Object class="com.sunopsis.dwg.dbobj.SnpFKXRef">
		<Field name="RefKey" type="java.lang.String"><![CDATA[SNP_TXTHEADER.1187]]></Field>
	<Field name="RefObjGlobalId" type="java.lang.String"><![CDATA[2cbce049-efd8-42c7-bd53-813c4725da90]]></Field>
 <Field name="RefObjFQName" type="java.lang.String">null</Field>
 <Field name="RefObjFQType" type="java.lang.String">null</Field>
 <Field name="RefObjFQNameLengths" type="java.lang.String">null</Field>
</Object>
<Object class="com.sunopsis.dwg.dbobj.SnpFKXRef">
		<Field name="RefKey" type="java.lang.String"><![CDATA[SNP_ORIGTXT.111]]></Field>
	<Field name="RefObjGlobalId" type="java.lang.String">null</Field>
 <Field name="RefObjFQName" type="java.lang.String">null</Field>
 <Field name="RefObjFQType" type="java.lang.String">null</Field>
 <Field name="RefObjFQNameLengths" type="java.lang.String">null</Field>
</Object>
<Object class="com.sunopsis.dwg.dbobj.SnpFKXRef">
		<Field name="RefKey" type="java.lang.String"><![CDATA[SNP_LINETRT.288]]></Field>
	<Field name="RefObjGlobalId" type="java.lang.String"><![CDATA[b1a10f88-8634-4e28-9a11-5a6fb724f0b6]]></Field>
 <Field name="RefObjFQName" type="java.lang.String"><![CDATA[HiveBaseLKM.Cleanup work table]]></Field>
 <Field name="RefObjFQType" type="java.lang.String"><![CDATA[SNP_TRT.SNP_LINETRT]]></Field>
 <Field name="RefObjFQNameLengths" type="java.lang.String"><![CDATA[11.18]]></Field>
</Object>
<Object class="com.sunopsis.dwg.dbobj.SnpFKXRef">
		<Field name="RefKey" type="java.lang.String"><![CDATA[SNP_LINETRT.287]]></Field>
	<Field name="RefObjGlobalId" type="java.lang.String"><![CDATA[ddc3bc5a-7fc4-44f6-98ca-b4e67c02b490]]></Field>
 <Field name="RefObjFQName" type="java.lang.String"><![CDATA[HiveBaseLKM.Create work table]]></Field>
 <Field name="RefObjFQType" type="java.lang.String"><![CDATA[SNP_TRT.SNP_LINETRT]]></Field>
 <Field name="RefObjFQNameLengths" type="java.lang.String"><![CDATA[11.17]]></Field>
</Object>
<Object class="com.sunopsis.dwg.dbobj.SnpFKXRef">
		<Field name="RefKey" type="java.lang.String"><![CDATA[SNP_LINETRT.289]]></Field>
	<Field name="RefObjGlobalId" type="java.lang.String"><![CDATA[528fbb22-c9b4-40d3-b121-165055caaff8]]></Field>
 <Field name="RefObjFQName" type="java.lang.String"><![CDATA[HiveBaseLKM.Create Temporary Indexes on Stage]]></Field>
 <Field name="RefObjFQType" type="java.lang.String"><![CDATA[SNP_TRT.SNP_LINETRT]]></Field>
 <Field name="RefObjFQNameLengths" type="java.lang.String"><![CDATA[11.33]]></Field>
</Object>
<Object class="com.sunopsis.dwg.dbobj.SnpFKXRef">
		<Field name="RefKey" type="java.lang.String"><![CDATA[SNP_LINETRT.285]]></Field>
	<Field name="RefObjGlobalId" type="java.lang.String"><![CDATA[90df928c-2caa-4fe3-a593-5a43ae50b26c]]></Field>
 <Field name="RefObjFQName" type="java.lang.String"><![CDATA[HiveBaseKM.Prepare Hive Session]]></Field>
 <Field name="RefObjFQType" type="java.lang.String"><![CDATA[SNP_TRT.SNP_LINETRT]]></Field>
 <Field name="RefObjFQNameLengths" type="java.lang.String"><![CDATA[10.20]]></Field>
</Object>
<Object class="com.sunopsis.dwg.dbobj.SnpFKXRef">
		<Field name="RefKey" type="java.lang.String"><![CDATA[SNP_LINETRT.286]]></Field>
	<Field name="RefObjGlobalId" type="java.lang.String"><![CDATA[c38c0cdc-d959-42ba-b90b-3b4ae16c9ed4]]></Field>
 <Field name="RefObjFQName" type="java.lang.String"><![CDATA[HiveBaseLKM.Drop work table]]></Field>
 <Field name="RefObjFQType" type="java.lang.String"><![CDATA[SNP_TRT.SNP_LINETRT]]></Field>
 <Field name="RefObjFQNameLengths" type="java.lang.String"><![CDATA[11.15]]></Field>
</Object>
<Object class="com.sunopsis.dwg.dbobj.SnpFKXRef">
		<Field name="RefKey" type="java.lang.String"><![CDATA[SNP_LINETRT.290]]></Field>
	<Field name="RefObjGlobalId" type="java.lang.String"><![CDATA[de081d68-bae9-42d4-b184-8445139b9515]]></Field>
 <Field name="RefObjFQName" type="java.lang.String"><![CDATA[HiveBaseLKM.Drop Temporary Indexes on Stage]]></Field>
 <Field name="RefObjFQType" type="java.lang.String"><![CDATA[SNP_TRT.SNP_LINETRT]]></Field>
 <Field name="RefObjFQNameLengths" type="java.lang.String"><![CDATA[11.31]]></Field>
</Object>
<Object class="com.sunopsis.dwg.DwgExportSummary">
		<Field name="ExpTxtNb" type="com.sunopsis.sql.DbInt"><![CDATA[0]]></Field>
	<Field name="InstObjNb" type="com.sunopsis.sql.DbInt"><![CDATA[0]]></Field>
	<Field name="JoinColNb" type="com.sunopsis.sql.DbInt"><![CDATA[0]]></Field>
	<Field name="JoinNb" type="com.sunopsis.sql.DbInt"><![CDATA[0]]></Field>
	<Field name="KeyColNb" type="com.sunopsis.sql.DbInt"><![CDATA[0]]></Field>
	<Field name="KeyNb" type="com.sunopsis.sql.DbInt"><![CDATA[0]]></Field>
	<Field name="LinkDiagNb" type="com.sunopsis.sql.DbInt"><![CDATA[0]]></Field>
	<Field name="MorigTxtNb" type="com.sunopsis.sql.DbInt"><![CDATA[0]]></Field>
	<Field name="MtxtNb" type="com.sunopsis.sql.DbInt"><![CDATA[0]]></Field>
	<Field name="OrigTxtNb" type="com.sunopsis.sql.DbInt"><![CDATA[4]]></Field>
	<Field name="OtherObjectsNb" type="com.sunopsis.sql.DbInt"><![CDATA[20]]></Field>
	<Field name="PlanAgentNb" type="com.sunopsis.sql.DbInt"><![CDATA[0]]></Field>
	<Field name="StepNb" type="com.sunopsis.sql.DbInt"><![CDATA[0]]></Field>
	<Field name="TxtNb" type="com.sunopsis.sql.DbInt"><![CDATA[4]]></Field>
	<Field name="UeOrigNb" type="com.sunopsis.sql.DbInt"><![CDATA[0]]></Field>
	<Field name="UeUsedNb" type="com.sunopsis.sql.DbInt"><![CDATA[0]]></Field>
	<Field name="VarPlanAgentNb" type="com.sunopsis.sql.DbInt"><![CDATA[0]]></Field>
	<Field name="ScenTxtNb" type="com.sunopsis.sql.DbInt"><![CDATA[0]]></Field>
	<Field name="OdiVersion" type="java.lang.String"><![CDATA[12.2.1]]></Field>
	<Field name="OriginRepositoryID" type="com.sunopsis.sql.DbInt"><![CDATA[1]]></Field>
	<Field name="RepositoryVersion" type="java.lang.String"><![CDATA[05.02.02.08]]></Field>
</Object>
</SunopsisExport>
