<?xml version="1.0" encoding="ISO-8859-1"?>
<SunopsisExport>
<Admin RepositoryVersion="05.02.02.08" IsLegacyIdCompatible="false" />
<Encryption algorithm="AES" keyLength="128" exportKeyHash="tHKPswndaX9RtST3xXJvsH02YImvFPJwnql3JnT/55Y=" keyVect="rrLdIkvugzATZ5107OjrEA==" exportKeySalt="c0e31e3c-e394-486a-aba5-4b594dbfb97e" containsCipherText="false"/>
<Object class="com.sunopsis.dwg.dbobj.SnpTrt">
		<Field name="CleanupOnError" type="java.lang.String">null</Field>
	<Field name="CompType" type="java.lang.String"><![CDATA[AP]]></Field>
	<Field name="DelegateClass" type="java.lang.String"><![CDATA[LKM_SQL_to_Pig_SQOOP]]></Field>
	<Field name="DelegateScript" type="java.lang.String"><![CDATA[
      
	public class LKM_SQL_to_Pig_SQOOP extends LKM_File_to_Pig {
		protected mBinding = null;

		public void setBinding(Binding binding) {
            		super.setBinding(binding);
            		mBinding = binding;
		}

	
 		AbstractSyntaxTree EXTRACT_TAP(SqlQuery sqlQuery) throws AdapterException,
                                                   	oracle.odi.domain.mapping.exception.MappingException,
                                                        GenerationException {
			PigScript pigScript = super.EXTRACT_TAP(sqlQuery);
			PigLoadCmd loadCmd = (PigLoadCmd)pigScript.getLastCommand();		
		
			//Set Delimiter for the Temporary file created by Sqoop.
			String staging_delimiter = getOptionValue("STAGING_FILE_DELIMITER");
			if( staging_delimiter == null || staging_delimiter.trim().equals("") ) {
				loadCmd.setLoadFuncArgs("'\\t'");  //LKM uses this to read the staging file.
				staging_delimiter = "'\\t'";   //Sqoop uses this to create the staging file.
			}			
			else{
				loadCmd.setLoadFuncArgs(staging_delimiter);
			}
			mBinding.setVariable( "staging_file_delim", staging_delimiter );    
			
			List<MapPhysicalNode> childNodes = physicalNode.getDownstreamConnectedNodes();
			MapPhysicalNode childNode = childNodes.get(0);
			String hdfs_url = childNode.getExecutionUnit().getLocation().getPhysicalSchema().getDataServer().getConnectionInfo().getJdbcUrl();
			mBinding.setVariable( "stagingLocationUrl",  hdfs_url);

			String fileLoc = hdfs_url + "<\$=stagingDir\$>";
			loadCmd.setFileLoc(fileLoc);

			def srcDataServer  = physicalNode.getAPNodeSourceExUnit().getLocation().getDataServer();

			mBinding.setVariable( "srcJavaUrl",    srcDataServer.getConnectionSettings().getJdbcUrl() )
			mBinding.setVariable( "srcUserName",   srcDataServer.getUsername() )
					
			//TODO: To be removed/replaced for security reasons
			def tmpPass     = srcDataServer.getPassword()
			def encodedPass = com.sunopsis.tools.core.SnpsStringTools.replaceNVL(tmpPass.toString())
			
			def generatorContext =  mBinding.getVariable("generatorContext");
			def odiInstance = generatorContext.getObject("odiInstance")
			def clearPass   = "Password decyphering failed!"

			try {
	    			// TODO: For some reason the line below fails when validating a physical mapping
	    			clearPass   = com.sunopsis.dwg.DwgObject.snpsDecypher(encodedPass,odiInstance)
			} catch ( Throwable e ) {}
	
			mBinding.setVariable( "srcPassword", clearPass )
				
			def sqoopQueryString = sqlQuery.getText();
 			sqoopQueryString = sqoopQueryString.replaceAll( "\n", java.util.regex.Matcher.quoteReplacement(" \\\n") );
                	sqoopQueryString += " \\";

			mBinding.setVariable( "sqoopQueryString", sqoopQueryString );
	
			return pigScript;	
		}
       	}
      
   ]]></Field>
	<Field name="ExpectedAstClass" type="java.lang.String"><![CDATA[oracle.odi.mapping.generation.SqlQuery]]></Field>
	<Field name="ExtVersion" type="java.lang.String">null</Field>
	<Field name="FirstDate" type="java.sql.Timestamp"><![CDATA[2016-06-03 14:37:15.0]]></Field>
	<Field name="FirstUser" type="java.lang.String"><![CDATA[SUNOPSIS_INSTALL]]></Field>
	<Field name="GlobalId" type="java.lang.String"><![CDATA[9f50e957-30d7-4edd-9d08-9a0188b25ff5]]></Field>
	<Field name="IndChange" type="java.lang.String"><![CDATA[U]]></Field>
	<Field name="IndExcludeExUnitBegin" type="java.lang.String">null</Field>
	<Field name="IndExcludeExUnitEnd" type="java.lang.String">null</Field>
	<Field name="IndExcludeExUnitMain" type="java.lang.String">null</Field>
	<Field name="IndExcludeMapBegin" type="java.lang.String">null</Field>
	<Field name="IndExcludeMapCleanup" type="java.lang.String">null</Field>
	<Field name="IndExcludeMapEnd" type="java.lang.String">null</Field>
	<Field name="IndGenerateLoad" type="java.lang.String"><![CDATA[1]]></Field>
	<Field name="IndIsHidden" type="java.lang.String"><![CDATA[1]]></Field>
	<Field name="IndJrnMethod" type="java.lang.String">null</Field>
	<Field name="IndSuppSetBased" type="java.lang.String"><![CDATA[0]]></Field>
	<Field name="IntgType" type="java.lang.String"><![CDATA[TRANSPARENT_EXTRACT]]></Field>
	<Field name="IntVersion" type="com.sunopsis.sql.DbInt"><![CDATA[5]]></Field>
	<Field name="IsConcurrent" type="java.lang.String">null</Field>
	<Field name="IsSeeded" type="java.lang.String"><![CDATA[1]]></Field>
	<Field name="IBaseCompKm" type="com.sunopsis.sql.DbInt"><![CDATA[80]]></Field>
	<Field name="IFolder" type="com.sunopsis.sql.DbInt"><![CDATA[null]]></Field>
	<Field name="IProject" type="com.sunopsis.sql.DbInt"><![CDATA[null]]></Field>
	<Field name="IScBaseTrt" type="com.sunopsis.sql.DbInt"><![CDATA[null]]></Field>
	<Field name="IScOrigTrt" type="com.sunopsis.sql.DbInt"><![CDATA[null]]></Field>
	<Field name="IScTrt" type="com.sunopsis.sql.DbInt"><![CDATA[null]]></Field>
	<Field name="ITrt" type="com.sunopsis.sql.DbInt"><![CDATA[88]]></Field>
	<Field name="ITxtDelTxt" type="com.sunopsis.sql.DbInt"><![CDATA[null]]></Field>
	<Field name="ITxtTrtTxt" type="com.sunopsis.sql.DbInt"><![CDATA[386]]></Field>
	<Field name="KimMultiDserver" type="java.lang.String"><![CDATA[1]]></Field>
	<Field name="KmDefault" type="java.lang.String"><![CDATA[0]]></Field>
	<Field name="KmLang" type="java.lang.String"><![CDATA[PIGLATIN]]></Field>
	<Field name="KmSrcLang" type="java.lang.String"><![CDATA[SQL]]></Field>
	<Field name="KmSrcTechno" type="java.lang.String"><![CDATA[GENERIC_SQL]]></Field>
	<Field name="KmTechno" type="java.lang.String"><![CDATA[PIG]]></Field>
	<Field name="KmVersion" type="java.lang.String">null</Field>
	<Field name="LastDate" type="java.sql.Timestamp"><![CDATA[2018-12-07 08:15:11.0]]></Field>
	<Field name="LastUser" type="java.lang.String"><![CDATA[SUNOPSIS_INSTALL]]></Field>
	<Field name="LkmType" type="java.lang.String"><![CDATA[S]]></Field>
	<Field name="LChecksum" type="com.sunopsis.sql.DbInt"><![CDATA[0]]></Field>
	<Field name="LCode" type="java.lang.String">null</Field>
	<Field name="OggJkm" type="java.lang.String">null</Field>
	<Field name="OrdFolder" type="com.sunopsis.sql.DbInt"><![CDATA[null]]></Field>
	<Field name="ProcType" type="java.lang.String"><![CDATA[B]]></Field>
	<Field name="ProdAstType" type="java.lang.String">null</Field>
	<Field name="RepGuid" type="java.lang.String">null</Field>
	<Field name="RepVersion" type="java.lang.String">null</Field>
	<Field name="ScriptPath" type="java.lang.String">null</Field>
	<Field name="ScOrigTrtTag" type="java.lang.String">null</Field>
	<Field name="Subtype" type="java.lang.String"><![CDATA[PRE_EXTRACT_TAP:EXTRACT_TAP*]]></Field>
	<Field name="TrtName" type="java.lang.String"><![CDATA[LKM SQL to Pig SQOOP]]></Field>
	<Field name="TrtType" type="java.lang.String"><![CDATA[KL]]></Field>
	<Field name="VariableDefs" type="java.lang.String">null</Field>
	<Field name="VLastDate" type="java.sql.Timestamp">null</Field>
</Object>
<Object class="com.sunopsis.dwg.dbobj.SnpReferencedObject">
		<Field name="IObject" type="com.sunopsis.sql.DbInt"><![CDATA[3600]]></Field>
	<Field name="ObjectPKasString" type="java.lang.String"><![CDATA[80]]></Field>
	<Field name="ObjectAKasString" type="java.lang.String"><![CDATA[]]></Field>
	<Field name="Description" type="java.lang.String"><![CDATA[SNP_TRT : LKM File to Pig]]></Field>
 <Field name="GlobalId" type="java.lang.String"><![CDATA[2c60cb09-ec7f-41ff-af92-04034a8a0e55]]></Field>
</Object>
<Object class="com.sunopsis.dwg.dbobj.SnpTxtHeader">
		<Field name="Enc" type="java.lang.String"><![CDATA[0]]></Field>
	<Field name="EncKey" type="java.lang.String">null</Field>
 <Field name="EncKeyVect" type="java.lang.String">null</Field>
	<Field name="GlobalId" type="java.lang.String"><![CDATA[8b1a02c1-fb5e-4f8c-9a5c-7ddebf3e45fd]]></Field>
	<Field name="ITxt" type="com.sunopsis.sql.DbInt"><![CDATA[386]]></Field>
	<Field name="ITxtOrig" type="com.sunopsis.sql.DbInt"><![CDATA[107]]></Field>
	<Field name="SqlIndGrp" type="java.lang.String"><![CDATA[0]]></Field>
 <Field name="Txt" type="java.lang.String"><![CDATA[COMPONENT NAME: LKM SQL to PIG SQOOP AUTHOR: Oracle  DESCRIPTION         This KM integrates data from a JDBC data source into Pig         It executes the following steps:                 1. Create a SQOOP configuration file, which contains the upstream query.                 2. Execute SQOOP to extract the source data and import into Staging file in csv format.                 3. Runs LKM File To Pig KM to load the Staging file into PIG.                 4. Drop the Staging file         Additional information can be found in the KM option descriptions.  REQUIREMENTS         - source database is Oracle, DB2 UDB, MySQL, Teradata or Netezza         - the hdfs directory defined by MAPRED_OUTPUT_BASE_DIR must exists and must be readible,writable,           executable for the ODI (agent) os user as well as for the Hive os user         - jdbc drivers for target technology must be in installed into ODI Studio/ODI Agent and into            Sqoop ($(SQOOP_HOME)/lib)         - Ensure that the DataType conversions from Source to Target are handled in Source Technology Definition.          Ex: For Oracle to Pig, the datatype NUMBER in Oracle should be mapped to int in PIG.         - $HADOOP_HOME/client/* must be on ODI class path and use same version as the Hadoop cluster         - hadoop configuration directory must be on ODI class path (containing e.g. core-default.xml, core-site.xml, hdfs-site.xml)         - sqoop executable must be on PATH  OPTIONS          - STAGING_FILE_DELIMITER (optional): Delimiter that SQOOP uses to create the Staging file. Default delimiter is '\t'  LIMITATIONS         - This KM works only in Map-Reduce Mode. ]]></Field>
</Object>
<Object class="com.sunopsis.dwg.dbobj.SnpOrigTxt">
		<Field name="GlobalId" type="java.lang.String">null</Field>
	<Field name="ITxtOrig" type="com.sunopsis.sql.DbInt"><![CDATA[107]]></Field>
	<Field name="OrigineName" type="java.lang.String"><![CDATA[Edit Command]]></Field>
	<Field name="SnpsCol" type="java.lang.String"><![CDATA[I_TXT_TRT_TXT]]></Field>
	<Field name="SnpsTable" type="java.lang.String"><![CDATA[SNP_TRT]]></Field>
</Object>
<Object class="com.sunopsis.dwg.dbobj.SnpUserExit">
		<Field name="ExprITxt" type="com.sunopsis.sql.DbInt"><![CDATA[null]]></Field>
	<Field name="ExtVersion" type="java.lang.String">null</Field>
	<Field name="GlobalId" type="java.lang.String"><![CDATA[f8207756-3671-4e85-ad89-e3d9b8ae8563]]></Field>
	<Field name="IndChange" type="java.lang.String">null</Field>
	<Field name="ITrt" type="com.sunopsis.sql.DbInt"><![CDATA[88]]></Field>
	<Field name="ITxtUeHelp" type="com.sunopsis.sql.DbInt"><![CDATA[391]]></Field>
	<Field name="ITxtValue" type="com.sunopsis.sql.DbInt"><![CDATA[null]]></Field>
	<Field name="IUserExit" type="com.sunopsis.sql.DbInt"><![CDATA[119]]></Field>
	<Field name="IUserExitGroup" type="com.sunopsis.sql.DbInt"><![CDATA[null]]></Field>
	<Field name="Position" type="com.sunopsis.sql.DbInt"><![CDATA[1]]></Field>
	<Field name="ShortValue" type="java.lang.String">null</Field>
	<Field name="Subtypes" type="java.lang.String">null</Field>
	<Field name="UeName" type="java.lang.String"><![CDATA[STAGING_FILE_DELIMITER]]></Field>
	<Field name="UeSdesc" type="java.lang.String"><![CDATA[Sqoop uses this delimiter to create the temporary file.If not specified, \\t will be used]]></Field>
	<Field name="UeType" type="java.lang.String"><![CDATA[V]]></Field>
</Object>
<Object class="com.sunopsis.dwg.dbobj.SnpTxtHeader">
		<Field name="Enc" type="java.lang.String"><![CDATA[0]]></Field>
	<Field name="EncKey" type="java.lang.String">null</Field>
 <Field name="EncKeyVect" type="java.lang.String">null</Field>
	<Field name="GlobalId" type="java.lang.String"><![CDATA[fe43d3df-80e4-48e6-8bbd-a3caaf338479]]></Field>
	<Field name="ITxt" type="com.sunopsis.sql.DbInt"><![CDATA[391]]></Field>
	<Field name="ITxtOrig" type="com.sunopsis.sql.DbInt"><![CDATA[111]]></Field>
	<Field name="SqlIndGrp" type="java.lang.String"><![CDATA[0]]></Field>
 <Field name="Txt" type="java.lang.String">null</Field>
</Object>
<Object class="com.sunopsis.dwg.dbobj.SnpOrigTxt">
		<Field name="GlobalId" type="java.lang.String">null</Field>
	<Field name="ITxtOrig" type="com.sunopsis.sql.DbInt"><![CDATA[111]]></Field>
	<Field name="OrigineName" type="java.lang.String"><![CDATA[User Exit help]]></Field>
	<Field name="SnpsCol" type="java.lang.String"><![CDATA[I_TXT_UE_HELP]]></Field>
	<Field name="SnpsTable" type="java.lang.String"><![CDATA[SNP_USER_EXIT]]></Field>
</Object>
<Object class="com.sunopsis.dwg.dbobj.SnpLineTrt">
		<Field name="AlwaysExe" type="java.lang.String"><![CDATA[1]]></Field>
	<Field name="BrpId" type="com.sunopsis.sql.DbInt"><![CDATA[null]]></Field>
	<Field name="ColConnectId" type="java.lang.String">null</Field>
	<Field name="ColContextCode" type="java.lang.String">null</Field>
	<Field name="ColIndCommit" type="java.lang.String">null</Field>
	<Field name="ColIsolLevel" type="java.lang.String">null</Field>
	<Field name="ColITxt" type="com.sunopsis.sql.DbInt"><![CDATA[null]]></Field>
	<Field name="ColLanguage" type="java.lang.String">null</Field>
	<Field name="ColLschemaName" type="java.lang.String">null</Field>
	<Field name="ColTechno" type="java.lang.String">null</Field>
	<Field name="DefConnectId" type="java.lang.String">null</Field>
	<Field name="DefContextCode" type="java.lang.String">null</Field>
	<Field name="DefIndCommit" type="java.lang.String">null</Field>
	<Field name="DefIsolLevel" type="java.lang.String"><![CDATA[D]]></Field>
	<Field name="DefITxt" type="com.sunopsis.sql.DbInt"><![CDATA[2317]]></Field>
	<Field name="DefLanguage" type="java.lang.String"><![CDATA[GROOVY]]></Field>
	<Field name="DefLschemaName" type="java.lang.String">null</Field>
	<Field name="DefTechno" type="java.lang.String"><![CDATA[GROOVY]]></Field>
	<Field name="ExeChannel" type="java.lang.String">null</Field>
	<Field name="FirstDate" type="java.sql.Timestamp">null</Field>
	<Field name="FirstUser" type="java.lang.String">null</Field>
	<Field name="GlobalId" type="java.lang.String"><![CDATA[677c9d66-c946-42ab-bd3b-a1548caabbb3]]></Field>
	<Field name="IndErr" type="java.lang.String"><![CDATA[0]]></Field>
	<Field name="IndLogFinalCmd" type="java.lang.String"><![CDATA[0]]></Field>
	<Field name="IndLogNb" type="java.lang.String">null</Field>
	<Field name="ILineTrt" type="com.sunopsis.sql.DbInt"><![CDATA[121]]></Field>
	<Field name="IRefLineTrt" type="com.sunopsis.sql.DbInt"><![CDATA[null]]></Field>
	<Field name="IRefTrt" type="com.sunopsis.sql.DbInt"><![CDATA[null]]></Field>
	<Field name="ITrt" type="com.sunopsis.sql.DbInt"><![CDATA[88]]></Field>
	<Field name="KcmAk" type="java.lang.String">null</Field>
	<Field name="KcmCond" type="java.lang.String">null</Field>
	<Field name="KcmErrDel" type="java.lang.String">null</Field>
	<Field name="KcmJoin" type="java.lang.String">null</Field>
	<Field name="KcmNull" type="java.lang.String">null</Field>
	<Field name="KcmPk" type="java.lang.String">null</Field>
	<Field name="KimDrvdSel" type="java.lang.String"><![CDATA[0]]></Field>
	<Field name="KimIdx" type="java.lang.String">null</Field>
	<Field name="KimJrn" type="java.lang.String"><![CDATA[0]]></Field>
	<Field name="KimJrnPop" type="java.lang.String"><![CDATA[0]]></Field>
	<Field name="KjmCreate" type="java.lang.String">null</Field>
	<Field name="KjmDrop" type="java.lang.String">null</Field>
	<Field name="KjmExtend" type="java.lang.String">null</Field>
	<Field name="KjmInstall" type="java.lang.String">null</Field>
	<Field name="KjmLock" type="java.lang.String">null</Field>
	<Field name="KjmPurge" type="java.lang.String">null</Field>
	<Field name="KjmSetInstall" type="java.lang.String">null</Field>
	<Field name="KjmSetUninstall" type="java.lang.String">null</Field>
	<Field name="KjmSubscribe" type="java.lang.String">null</Field>
	<Field name="KjmTableOrder" type="java.lang.String">null</Field>
	<Field name="KjmUninstall" type="java.lang.String">null</Field>
	<Field name="KjmUnlock" type="java.lang.String">null</Field>
	<Field name="KjmUnsubscribe" type="java.lang.String">null</Field>
	<Field name="KlmAfterInt" type="java.lang.String">null</Field>
	<Field name="KlmIdx" type="java.lang.String"><![CDATA[0]]></Field>
	<Field name="KlmJrn" type="java.lang.String"><![CDATA[0]]></Field>
	<Field name="LastDate" type="java.sql.Timestamp">null</Field>
	<Field name="LastUser" type="java.lang.String">null</Field>
	<Field name="LineType" type="java.lang.String"><![CDATA[L]]></Field>
	<Field name="LogLevDet" type="java.lang.String"><![CDATA[3]]></Field>
	<Field name="MapTaskType" type="java.lang.String"><![CDATA[EM]]></Field>
	<Field name="OrdTrt" type="com.sunopsis.sql.DbInt"><![CDATA[200]]></Field>
	<Field name="SqlName" type="java.lang.String"><![CDATA[Prepare]]></Field>
	<Field name="SupportedSubtypes" type="java.lang.String"><![CDATA[EXTRACT_TAP]]></Field>
	<Field name="VariableDefs" type="java.lang.String">null</Field>
</Object>
<Object class="com.sunopsis.dwg.dbobj.SnpTxtHeader">
		<Field name="Enc" type="java.lang.String"><![CDATA[0]]></Field>
	<Field name="EncKey" type="java.lang.String">null</Field>
 <Field name="EncKeyVect" type="java.lang.String">null</Field>
	<Field name="GlobalId" type="java.lang.String"><![CDATA[2bb49f20-4f8a-41f1-873b-033219d52868]]></Field>
	<Field name="ITxt" type="com.sunopsis.sql.DbInt"><![CDATA[2317]]></Field>
	<Field name="ITxtOrig" type="com.sunopsis.sql.DbInt"><![CDATA[102]]></Field>
	<Field name="SqlIndGrp" type="java.lang.String"><![CDATA[2]]></Field>
 <Field name="Txt" type="java.lang.String"><![CDATA[{# INCLUDE = 'LkmSqlToPig_Prepare_Import' #}]]></Field>
</Object>
<Object class="com.sunopsis.dwg.dbobj.SnpOrigTxt">
		<Field name="GlobalId" type="java.lang.String">null</Field>
	<Field name="ITxtOrig" type="com.sunopsis.sql.DbInt"><![CDATA[102]]></Field>
	<Field name="OrigineName" type="java.lang.String"><![CDATA[Target Technology]]></Field>
	<Field name="SnpsCol" type="java.lang.String"><![CDATA[DEF_I_TXT]]></Field>
	<Field name="SnpsTable" type="java.lang.String"><![CDATA[SNP_LINE_TRT]]></Field>
</Object>
<Object class="com.sunopsis.dwg.dbobj.SnpLineTrt">
		<Field name="AlwaysExe" type="java.lang.String"><![CDATA[1]]></Field>
	<Field name="BrpId" type="com.sunopsis.sql.DbInt"><![CDATA[null]]></Field>
	<Field name="ColConnectId" type="java.lang.String">null</Field>
	<Field name="ColContextCode" type="java.lang.String">null</Field>
	<Field name="ColIndCommit" type="java.lang.String">null</Field>
	<Field name="ColIsolLevel" type="java.lang.String">null</Field>
	<Field name="ColITxt" type="com.sunopsis.sql.DbInt"><![CDATA[null]]></Field>
	<Field name="ColLanguage" type="java.lang.String">null</Field>
	<Field name="ColLschemaName" type="java.lang.String">null</Field>
	<Field name="ColTechno" type="java.lang.String">null</Field>
	<Field name="DefConnectId" type="java.lang.String">null</Field>
	<Field name="DefContextCode" type="java.lang.String">null</Field>
	<Field name="DefIndCommit" type="java.lang.String">null</Field>
	<Field name="DefIsolLevel" type="java.lang.String"><![CDATA[D]]></Field>
	<Field name="DefITxt" type="com.sunopsis.sql.DbInt"><![CDATA[2316]]></Field>
	<Field name="DefLanguage" type="java.lang.String">null</Field>
	<Field name="DefLschemaName" type="java.lang.String">null</Field>
	<Field name="DefTechno" type="java.lang.String"><![CDATA[SUNOPSIS_API]]></Field>
	<Field name="ExeChannel" type="java.lang.String">null</Field>
	<Field name="FirstDate" type="java.sql.Timestamp">null</Field>
	<Field name="FirstUser" type="java.lang.String">null</Field>
	<Field name="GlobalId" type="java.lang.String"><![CDATA[ee41fa3a-b6a7-4da2-a2ff-7ba6253dd228]]></Field>
	<Field name="IndErr" type="java.lang.String"><![CDATA[1]]></Field>
	<Field name="IndLogFinalCmd" type="java.lang.String"><![CDATA[0]]></Field>
	<Field name="IndLogNb" type="java.lang.String">null</Field>
	<Field name="ILineTrt" type="com.sunopsis.sql.DbInt"><![CDATA[123]]></Field>
	<Field name="IRefLineTrt" type="com.sunopsis.sql.DbInt"><![CDATA[null]]></Field>
	<Field name="IRefTrt" type="com.sunopsis.sql.DbInt"><![CDATA[null]]></Field>
	<Field name="ITrt" type="com.sunopsis.sql.DbInt"><![CDATA[88]]></Field>
	<Field name="KcmAk" type="java.lang.String">null</Field>
	<Field name="KcmCond" type="java.lang.String">null</Field>
	<Field name="KcmErrDel" type="java.lang.String">null</Field>
	<Field name="KcmJoin" type="java.lang.String">null</Field>
	<Field name="KcmNull" type="java.lang.String">null</Field>
	<Field name="KcmPk" type="java.lang.String">null</Field>
	<Field name="KimDrvdSel" type="java.lang.String"><![CDATA[0]]></Field>
	<Field name="KimIdx" type="java.lang.String">null</Field>
	<Field name="KimJrn" type="java.lang.String"><![CDATA[0]]></Field>
	<Field name="KimJrnPop" type="java.lang.String"><![CDATA[0]]></Field>
	<Field name="KjmCreate" type="java.lang.String">null</Field>
	<Field name="KjmDrop" type="java.lang.String">null</Field>
	<Field name="KjmExtend" type="java.lang.String">null</Field>
	<Field name="KjmInstall" type="java.lang.String">null</Field>
	<Field name="KjmLock" type="java.lang.String">null</Field>
	<Field name="KjmPurge" type="java.lang.String">null</Field>
	<Field name="KjmSetInstall" type="java.lang.String">null</Field>
	<Field name="KjmSetUninstall" type="java.lang.String">null</Field>
	<Field name="KjmSubscribe" type="java.lang.String">null</Field>
	<Field name="KjmTableOrder" type="java.lang.String">null</Field>
	<Field name="KjmUninstall" type="java.lang.String">null</Field>
	<Field name="KjmUnlock" type="java.lang.String">null</Field>
	<Field name="KjmUnsubscribe" type="java.lang.String">null</Field>
	<Field name="KlmAfterInt" type="java.lang.String">null</Field>
	<Field name="KlmIdx" type="java.lang.String"><![CDATA[0]]></Field>
	<Field name="KlmJrn" type="java.lang.String"><![CDATA[0]]></Field>
	<Field name="LastDate" type="java.sql.Timestamp">null</Field>
	<Field name="LastUser" type="java.lang.String">null</Field>
	<Field name="LineType" type="java.lang.String"><![CDATA[L]]></Field>
	<Field name="LogLevDet" type="java.lang.String"><![CDATA[3]]></Field>
	<Field name="MapTaskType" type="java.lang.String"><![CDATA[MC]]></Field>
	<Field name="OrdTrt" type="com.sunopsis.sql.DbInt"><![CDATA[850]]></Field>
	<Field name="SqlName" type="java.lang.String"><![CDATA[Delete SQOOP Staging Directory]]></Field>
	<Field name="SupportedSubtypes" type="java.lang.String"><![CDATA[EXTRACT_TAP]]></Field>
	<Field name="VariableDefs" type="java.lang.String"><![CDATA[
		  /* Only delete output dir if target is a file and append mode is active  skipTaskGeneration = !( !isToFile || isTruncate )*/  
	]]></Field>
</Object>
<Object class="com.sunopsis.dwg.dbobj.SnpTxtHeader">
		<Field name="Enc" type="java.lang.String"><![CDATA[0]]></Field>
	<Field name="EncKey" type="java.lang.String">null</Field>
 <Field name="EncKeyVect" type="java.lang.String">null</Field>
	<Field name="GlobalId" type="java.lang.String"><![CDATA[5e6c0bf3-8008-4850-aa3d-97fb52afcf23]]></Field>
	<Field name="ITxt" type="com.sunopsis.sql.DbInt"><![CDATA[2316]]></Field>
	<Field name="ITxtOrig" type="com.sunopsis.sql.DbInt"><![CDATA[102]]></Field>
	<Field name="SqlIndGrp" type="java.lang.String"><![CDATA[2]]></Field>
 <Field name="Txt" type="java.lang.String"><![CDATA[{# INCLUDE = 'LkmSqlToPig_DeleteSqoopOutputDir' #}]]></Field>
</Object>
<Object class="com.sunopsis.dwg.dbobj.SnpLineTrt">
		<Field name="AlwaysExe" type="java.lang.String"><![CDATA[1]]></Field>
	<Field name="BrpId" type="com.sunopsis.sql.DbInt"><![CDATA[null]]></Field>
	<Field name="ColConnectId" type="java.lang.String">null</Field>
	<Field name="ColContextCode" type="java.lang.String">null</Field>
	<Field name="ColIndCommit" type="java.lang.String">null</Field>
	<Field name="ColIsolLevel" type="java.lang.String">null</Field>
	<Field name="ColITxt" type="com.sunopsis.sql.DbInt"><![CDATA[null]]></Field>
	<Field name="ColLanguage" type="java.lang.String">null</Field>
	<Field name="ColLschemaName" type="java.lang.String">null</Field>
	<Field name="ColTechno" type="java.lang.String">null</Field>
	<Field name="DefConnectId" type="java.lang.String">null</Field>
	<Field name="DefContextCode" type="java.lang.String">null</Field>
	<Field name="DefIndCommit" type="java.lang.String">null</Field>
	<Field name="DefIsolLevel" type="java.lang.String"><![CDATA[D]]></Field>
	<Field name="DefITxt" type="com.sunopsis.sql.DbInt"><![CDATA[2315]]></Field>
	<Field name="DefLanguage" type="java.lang.String">null</Field>
	<Field name="DefLschemaName" type="java.lang.String">null</Field>
	<Field name="DefTechno" type="java.lang.String"><![CDATA[SUNOPSIS_API]]></Field>
	<Field name="ExeChannel" type="java.lang.String">null</Field>
	<Field name="FirstDate" type="java.sql.Timestamp">null</Field>
	<Field name="FirstUser" type="java.lang.String">null</Field>
	<Field name="GlobalId" type="java.lang.String"><![CDATA[af593b06-6d4b-4e61-b8ca-2656ddad8bef]]></Field>
	<Field name="IndErr" type="java.lang.String"><![CDATA[0]]></Field>
	<Field name="IndLogFinalCmd" type="java.lang.String"><![CDATA[0]]></Field>
	<Field name="IndLogNb" type="java.lang.String">null</Field>
	<Field name="ILineTrt" type="com.sunopsis.sql.DbInt"><![CDATA[124]]></Field>
	<Field name="IRefLineTrt" type="com.sunopsis.sql.DbInt"><![CDATA[null]]></Field>
	<Field name="IRefTrt" type="com.sunopsis.sql.DbInt"><![CDATA[null]]></Field>
	<Field name="ITrt" type="com.sunopsis.sql.DbInt"><![CDATA[88]]></Field>
	<Field name="KcmAk" type="java.lang.String">null</Field>
	<Field name="KcmCond" type="java.lang.String">null</Field>
	<Field name="KcmErrDel" type="java.lang.String">null</Field>
	<Field name="KcmJoin" type="java.lang.String">null</Field>
	<Field name="KcmNull" type="java.lang.String">null</Field>
	<Field name="KcmPk" type="java.lang.String">null</Field>
	<Field name="KimDrvdSel" type="java.lang.String"><![CDATA[0]]></Field>
	<Field name="KimIdx" type="java.lang.String">null</Field>
	<Field name="KimJrn" type="java.lang.String"><![CDATA[0]]></Field>
	<Field name="KimJrnPop" type="java.lang.String"><![CDATA[0]]></Field>
	<Field name="KjmCreate" type="java.lang.String">null</Field>
	<Field name="KjmDrop" type="java.lang.String">null</Field>
	<Field name="KjmExtend" type="java.lang.String">null</Field>
	<Field name="KjmInstall" type="java.lang.String">null</Field>
	<Field name="KjmLock" type="java.lang.String">null</Field>
	<Field name="KjmPurge" type="java.lang.String">null</Field>
	<Field name="KjmSetInstall" type="java.lang.String">null</Field>
	<Field name="KjmSetUninstall" type="java.lang.String">null</Field>
	<Field name="KjmSubscribe" type="java.lang.String">null</Field>
	<Field name="KjmTableOrder" type="java.lang.String">null</Field>
	<Field name="KjmUninstall" type="java.lang.String">null</Field>
	<Field name="KjmUnlock" type="java.lang.String">null</Field>
	<Field name="KjmUnsubscribe" type="java.lang.String">null</Field>
	<Field name="KlmAfterInt" type="java.lang.String">null</Field>
	<Field name="KlmIdx" type="java.lang.String"><![CDATA[0]]></Field>
	<Field name="KlmJrn" type="java.lang.String"><![CDATA[0]]></Field>
	<Field name="LastDate" type="java.sql.Timestamp">null</Field>
	<Field name="LastUser" type="java.lang.String">null</Field>
	<Field name="LineType" type="java.lang.String"><![CDATA[L]]></Field>
	<Field name="LogLevDet" type="java.lang.String"><![CDATA[3]]></Field>
	<Field name="MapTaskType" type="java.lang.String"><![CDATA[EM]]></Field>
	<Field name="OrdTrt" type="com.sunopsis.sql.DbInt"><![CDATA[800]]></Field>
	<Field name="SqlName" type="java.lang.String"><![CDATA[Launch SQOOP Import]]></Field>
	<Field name="SupportedSubtypes" type="java.lang.String"><![CDATA[EXTRACT_TAP]]></Field>
	<Field name="VariableDefs" type="java.lang.String">null</Field>
</Object>
<Object class="com.sunopsis.dwg.dbobj.SnpTxtHeader">
		<Field name="Enc" type="java.lang.String"><![CDATA[0]]></Field>
	<Field name="EncKey" type="java.lang.String">null</Field>
 <Field name="EncKeyVect" type="java.lang.String">null</Field>
	<Field name="GlobalId" type="java.lang.String"><![CDATA[7d41eafa-768d-4092-a3fb-05ed05d4ac24]]></Field>
	<Field name="ITxt" type="com.sunopsis.sql.DbInt"><![CDATA[2315]]></Field>
	<Field name="ITxtOrig" type="com.sunopsis.sql.DbInt"><![CDATA[102]]></Field>
	<Field name="SqlIndGrp" type="java.lang.String"><![CDATA[2]]></Field>
 <Field name="Txt" type="java.lang.String"><![CDATA[
                        OdiOSCommand "-OUT_FILE=<$=sqoopStdOutFileName$>" "-ERR_FILE=<$=sqoopErrFileName$>"
                        sqoop \-\-options-file <$=sqoopOptionFile$> \-\-verbose
                ]]></Field>
</Object>
<Object class="com.sunopsis.dwg.dbobj.SnpLineTrt">
		<Field name="AlwaysExe" type="java.lang.String"><![CDATA[1]]></Field>
	<Field name="BrpId" type="com.sunopsis.sql.DbInt"><![CDATA[null]]></Field>
	<Field name="ColConnectId" type="java.lang.String">null</Field>
	<Field name="ColContextCode" type="java.lang.String">null</Field>
	<Field name="ColIndCommit" type="java.lang.String">null</Field>
	<Field name="ColIsolLevel" type="java.lang.String">null</Field>
	<Field name="ColITxt" type="com.sunopsis.sql.DbInt"><![CDATA[null]]></Field>
	<Field name="ColLanguage" type="java.lang.String">null</Field>
	<Field name="ColLschemaName" type="java.lang.String">null</Field>
	<Field name="ColTechno" type="java.lang.String">null</Field>
	<Field name="DefConnectId" type="java.lang.String">null</Field>
	<Field name="DefContextCode" type="java.lang.String">null</Field>
	<Field name="DefIndCommit" type="java.lang.String">null</Field>
	<Field name="DefIsolLevel" type="java.lang.String"><![CDATA[D]]></Field>
	<Field name="DefITxt" type="com.sunopsis.sql.DbInt"><![CDATA[2314]]></Field>
	<Field name="DefLanguage" type="java.lang.String">null</Field>
	<Field name="DefLschemaName" type="java.lang.String">null</Field>
	<Field name="DefTechno" type="java.lang.String"><![CDATA[SUNOPSIS_API]]></Field>
	<Field name="ExeChannel" type="java.lang.String">null</Field>
	<Field name="FirstDate" type="java.sql.Timestamp">null</Field>
	<Field name="FirstUser" type="java.lang.String">null</Field>
	<Field name="GlobalId" type="java.lang.String"><![CDATA[94a3e2d6-0cdb-4426-8b99-cd515bb14c1d]]></Field>
	<Field name="IndErr" type="java.lang.String"><![CDATA[0]]></Field>
	<Field name="IndLogFinalCmd" type="java.lang.String"><![CDATA[0]]></Field>
	<Field name="IndLogNb" type="java.lang.String">null</Field>
	<Field name="ILineTrt" type="com.sunopsis.sql.DbInt"><![CDATA[122]]></Field>
	<Field name="IRefLineTrt" type="com.sunopsis.sql.DbInt"><![CDATA[null]]></Field>
	<Field name="IRefTrt" type="com.sunopsis.sql.DbInt"><![CDATA[null]]></Field>
	<Field name="ITrt" type="com.sunopsis.sql.DbInt"><![CDATA[88]]></Field>
	<Field name="KcmAk" type="java.lang.String">null</Field>
	<Field name="KcmCond" type="java.lang.String">null</Field>
	<Field name="KcmErrDel" type="java.lang.String">null</Field>
	<Field name="KcmJoin" type="java.lang.String">null</Field>
	<Field name="KcmNull" type="java.lang.String">null</Field>
	<Field name="KcmPk" type="java.lang.String">null</Field>
	<Field name="KimDrvdSel" type="java.lang.String"><![CDATA[0]]></Field>
	<Field name="KimIdx" type="java.lang.String">null</Field>
	<Field name="KimJrn" type="java.lang.String"><![CDATA[0]]></Field>
	<Field name="KimJrnPop" type="java.lang.String"><![CDATA[0]]></Field>
	<Field name="KjmCreate" type="java.lang.String">null</Field>
	<Field name="KjmDrop" type="java.lang.String">null</Field>
	<Field name="KjmExtend" type="java.lang.String">null</Field>
	<Field name="KjmInstall" type="java.lang.String">null</Field>
	<Field name="KjmLock" type="java.lang.String">null</Field>
	<Field name="KjmPurge" type="java.lang.String">null</Field>
	<Field name="KjmSetInstall" type="java.lang.String">null</Field>
	<Field name="KjmSetUninstall" type="java.lang.String">null</Field>
	<Field name="KjmSubscribe" type="java.lang.String">null</Field>
	<Field name="KjmTableOrder" type="java.lang.String">null</Field>
	<Field name="KjmUninstall" type="java.lang.String">null</Field>
	<Field name="KjmUnlock" type="java.lang.String">null</Field>
	<Field name="KjmUnsubscribe" type="java.lang.String">null</Field>
	<Field name="KlmAfterInt" type="java.lang.String">null</Field>
	<Field name="KlmIdx" type="java.lang.String"><![CDATA[0]]></Field>
	<Field name="KlmJrn" type="java.lang.String"><![CDATA[0]]></Field>
	<Field name="LastDate" type="java.sql.Timestamp">null</Field>
	<Field name="LastUser" type="java.lang.String">null</Field>
	<Field name="LineType" type="java.lang.String"><![CDATA[L]]></Field>
	<Field name="LogLevDet" type="java.lang.String"><![CDATA[3]]></Field>
	<Field name="MapTaskType" type="java.lang.String"><![CDATA[EM]]></Field>
	<Field name="OrdTrt" type="com.sunopsis.sql.DbInt"><![CDATA[300]]></Field>
	<Field name="SqlName" type="java.lang.String"><![CDATA[Create SQOOP option file]]></Field>
	<Field name="SupportedSubtypes" type="java.lang.String"><![CDATA[EXTRACT_TAP]]></Field>
	<Field name="VariableDefs" type="java.lang.String"><![CDATA[    ]]></Field>
</Object>
<Object class="com.sunopsis.dwg.dbobj.SnpTxtHeader">
		<Field name="Enc" type="java.lang.String"><![CDATA[0]]></Field>
	<Field name="EncKey" type="java.lang.String">null</Field>
 <Field name="EncKeyVect" type="java.lang.String">null</Field>
	<Field name="GlobalId" type="java.lang.String"><![CDATA[3ef1c8b6-9b27-4ffd-b4cb-b3b8be8a8bd2]]></Field>
	<Field name="ITxt" type="com.sunopsis.sql.DbInt"><![CDATA[2314]]></Field>
	<Field name="ITxtOrig" type="com.sunopsis.sql.DbInt"><![CDATA[102]]></Field>
	<Field name="SqlIndGrp" type="java.lang.String"><![CDATA[2]]></Field>
 <Field name="Txt" type="java.lang.String"><![CDATA[{# INCLUDE = 'LkmSqlToPig_CreateSqoopOptionFile_Import' #}]]></Field>
</Object>
<Object class="com.sunopsis.dwg.dbobj.SnpFKXRef">
		<Field name="RefKey" type="java.lang.String"><![CDATA[SNP_TXTHEADER.386]]></Field>
	<Field name="RefObjGlobalId" type="java.lang.String"><![CDATA[8b1a02c1-fb5e-4f8c-9a5c-7ddebf3e45fd]]></Field>
 <Field name="RefObjFQName" type="java.lang.String">null</Field>
 <Field name="RefObjFQType" type="java.lang.String">null</Field>
 <Field name="RefObjFQNameLengths" type="java.lang.String">null</Field>
</Object>
<Object class="com.sunopsis.dwg.dbobj.SnpFKXRef">
		<Field name="RefKey" type="java.lang.String"><![CDATA[SNP_TRT.80]]></Field>
	<Field name="RefObjGlobalId" type="java.lang.String"><![CDATA[2c60cb09-ec7f-41ff-af92-04034a8a0e55]]></Field>
 <Field name="RefObjFQName" type="java.lang.String"><![CDATA[LKM File to Pig]]></Field>
 <Field name="RefObjFQType" type="java.lang.String"><![CDATA[SNP_TRT]]></Field>
 <Field name="RefObjFQNameLengths" type="java.lang.String"><![CDATA[15]]></Field>
</Object>
<Object class="com.sunopsis.dwg.dbobj.SnpFKXRef">
		<Field name="RefKey" type="java.lang.String"><![CDATA[SNP_TRT.88]]></Field>
	<Field name="RefObjGlobalId" type="java.lang.String"><![CDATA[9f50e957-30d7-4edd-9d08-9a0188b25ff5]]></Field>
 <Field name="RefObjFQName" type="java.lang.String"><![CDATA[LKM SQL to Pig SQOOP]]></Field>
 <Field name="RefObjFQType" type="java.lang.String"><![CDATA[SNP_TRT]]></Field>
 <Field name="RefObjFQNameLengths" type="java.lang.String"><![CDATA[20]]></Field>
</Object>
<Object class="com.sunopsis.dwg.dbobj.SnpFKXRef">
		<Field name="RefKey" type="java.lang.String"><![CDATA[SNP_TXTHEADER.391]]></Field>
	<Field name="RefObjGlobalId" type="java.lang.String"><![CDATA[fe43d3df-80e4-48e6-8bbd-a3caaf338479]]></Field>
 <Field name="RefObjFQName" type="java.lang.String">null</Field>
 <Field name="RefObjFQType" type="java.lang.String">null</Field>
 <Field name="RefObjFQNameLengths" type="java.lang.String">null</Field>
</Object>
<Object class="com.sunopsis.dwg.dbobj.SnpFKXRef">
		<Field name="RefKey" type="java.lang.String"><![CDATA[SNP_TXTHEADER.2317]]></Field>
	<Field name="RefObjGlobalId" type="java.lang.String"><![CDATA[2bb49f20-4f8a-41f1-873b-033219d52868]]></Field>
 <Field name="RefObjFQName" type="java.lang.String">null</Field>
 <Field name="RefObjFQType" type="java.lang.String">null</Field>
 <Field name="RefObjFQNameLengths" type="java.lang.String">null</Field>
</Object>
<Object class="com.sunopsis.dwg.dbobj.SnpFKXRef">
		<Field name="RefKey" type="java.lang.String"><![CDATA[SNP_TXTHEADER.2316]]></Field>
	<Field name="RefObjGlobalId" type="java.lang.String"><![CDATA[5e6c0bf3-8008-4850-aa3d-97fb52afcf23]]></Field>
 <Field name="RefObjFQName" type="java.lang.String">null</Field>
 <Field name="RefObjFQType" type="java.lang.String">null</Field>
 <Field name="RefObjFQNameLengths" type="java.lang.String">null</Field>
</Object>
<Object class="com.sunopsis.dwg.dbobj.SnpFKXRef">
		<Field name="RefKey" type="java.lang.String"><![CDATA[SNP_ORIGTXT.102]]></Field>
	<Field name="RefObjGlobalId" type="java.lang.String">null</Field>
 <Field name="RefObjFQName" type="java.lang.String">null</Field>
 <Field name="RefObjFQType" type="java.lang.String">null</Field>
 <Field name="RefObjFQNameLengths" type="java.lang.String">null</Field>
</Object>
<Object class="com.sunopsis.dwg.dbobj.SnpFKXRef">
		<Field name="RefKey" type="java.lang.String"><![CDATA[SNP_TXTHEADER.2315]]></Field>
	<Field name="RefObjGlobalId" type="java.lang.String"><![CDATA[7d41eafa-768d-4092-a3fb-05ed05d4ac24]]></Field>
 <Field name="RefObjFQName" type="java.lang.String">null</Field>
 <Field name="RefObjFQType" type="java.lang.String">null</Field>
 <Field name="RefObjFQNameLengths" type="java.lang.String">null</Field>
</Object>
<Object class="com.sunopsis.dwg.dbobj.SnpFKXRef">
		<Field name="RefKey" type="java.lang.String"><![CDATA[SNP_TXTHEADER.2314]]></Field>
	<Field name="RefObjGlobalId" type="java.lang.String"><![CDATA[3ef1c8b6-9b27-4ffd-b4cb-b3b8be8a8bd2]]></Field>
 <Field name="RefObjFQName" type="java.lang.String">null</Field>
 <Field name="RefObjFQType" type="java.lang.String">null</Field>
 <Field name="RefObjFQNameLengths" type="java.lang.String">null</Field>
</Object>
<Object class="com.sunopsis.dwg.DwgExportSummary">
		<Field name="ExpTxtNb" type="com.sunopsis.sql.DbInt"><![CDATA[0]]></Field>
	<Field name="InstObjNb" type="com.sunopsis.sql.DbInt"><![CDATA[0]]></Field>
	<Field name="JoinColNb" type="com.sunopsis.sql.DbInt"><![CDATA[0]]></Field>
	<Field name="JoinNb" type="com.sunopsis.sql.DbInt"><![CDATA[0]]></Field>
	<Field name="KeyColNb" type="com.sunopsis.sql.DbInt"><![CDATA[0]]></Field>
	<Field name="KeyNb" type="com.sunopsis.sql.DbInt"><![CDATA[0]]></Field>
	<Field name="LinkDiagNb" type="com.sunopsis.sql.DbInt"><![CDATA[0]]></Field>
	<Field name="MorigTxtNb" type="com.sunopsis.sql.DbInt"><![CDATA[0]]></Field>
	<Field name="MtxtNb" type="com.sunopsis.sql.DbInt"><![CDATA[0]]></Field>
	<Field name="OrigTxtNb" type="com.sunopsis.sql.DbInt"><![CDATA[6]]></Field>
	<Field name="OtherObjectsNb" type="com.sunopsis.sql.DbInt"><![CDATA[6]]></Field>
	<Field name="PlanAgentNb" type="com.sunopsis.sql.DbInt"><![CDATA[0]]></Field>
	<Field name="StepNb" type="com.sunopsis.sql.DbInt"><![CDATA[0]]></Field>
	<Field name="TxtNb" type="com.sunopsis.sql.DbInt"><![CDATA[6]]></Field>
	<Field name="UeOrigNb" type="com.sunopsis.sql.DbInt"><![CDATA[0]]></Field>
	<Field name="UeUsedNb" type="com.sunopsis.sql.DbInt"><![CDATA[0]]></Field>
	<Field name="VarPlanAgentNb" type="com.sunopsis.sql.DbInt"><![CDATA[0]]></Field>
	<Field name="ScenTxtNb" type="com.sunopsis.sql.DbInt"><![CDATA[0]]></Field>
	<Field name="OdiVersion" type="java.lang.String"><![CDATA[12.2.1]]></Field>
	<Field name="OriginRepositoryID" type="com.sunopsis.sql.DbInt"><![CDATA[1]]></Field>
	<Field name="RepositoryVersion" type="java.lang.String"><![CDATA[05.02.02.08]]></Field>
</Object>
</SunopsisExport>
