<?xml version="1.0" encoding="ISO-8859-1"?>
<SunopsisExport>
<Admin RepositoryVersion="05.02.02.08" IsLegacyIdCompatible="false" />
<Encryption algorithm="AES" keyLength="128" exportKeyHash="B4g8dp+8Bb1nF7U7sgRQfAVJrjaCcE0LxEJYaoso1i8=" keyVect="N3/gGLEaH3eMjrhvalrttA==" exportKeySalt="e561da8a-e8c9-4082-861d-f320d34bcefe" containsCipherText="false"/>
<Object class="com.sunopsis.dwg.dbobj.SnpTrt">
		<Field name="CleanupOnError" type="java.lang.String">null</Field>
	<Field name="CompType" type="java.lang.String"><![CDATA[EXPRESSION]]></Field>
	<Field name="DelegateClass" type="java.lang.String"><![CDATA[XKM_Spark_Expression]]></Field>
	<Field name="DelegateScript" type="java.lang.String"><![CDATA[
  	import oracle.odi.mapping.generation.AbstractSyntaxTree.ASTProducerMethod;
	import oracle.odi.domain.mapping.generator.KMGeneratorDelegateRegistry.GeneratorDelegateClass;
  
	@GeneratorDelegateClass(componentType=AggregateComponent.COMPONENT_TYPE_NAME, descriptionKey="GeneratorDelegateClass.SparkExpressionCompKM")
	public class XKM_Spark_Expression extends SparkKM {

		@ASTProducerMethod(processingType=ProcessingType.SOURCE,producedASTType=SparkScript.class, styleKey="ProcessingStyleKey.SparkExpression.SELECT")
		SparkScript SELECT(SparkScript sparkScript) {
		
			supportDataFrames('XKM Spark Expression', true);

			List<SparkScript> sparkScripts = new ArrayList<SparkScript>(1);
			sparkScripts.add(sparkScript);
		
			SparkExpressionCmd expressionCmd = new SparkExpressionCmd(physicalNode.getTemplateUtils(), physicalNode);
			
			List<oracle.odi.domain.mapping.expression.MapExpression> expressions = new ArrayList<oracle.odi.domain.mapping.expression.MapExpression>(2);
			List<String> targetAliases = new ArrayList<String>(1);
			
			for (MapPhysicalExpression physicalExpression : physicalNode.getSourcePhysicalExpressions()) {
			  expressions.add(physicalExpression.getRefLogicalExpression());
			  MapAttribute attribute = physicalExpression.getGeneratedLogicalAttribute();
			  targetAliases.add(attribute.getName());
			}
			
			expressionCmd.setTgtAttrExprs(expressions);
			expressionCmd.setTgtAttrNames(targetAliases);
			
			expressionCmd.setUseSQLExpressions(getOptionValue("SQL_EXPRESSIONS").equalsIgnoreCase("true") ? true : false)
		
			SparkScript expressionScript = new SparkScript(sparkScript.getTemplateUtils(), sparkScripts);
			expressionScript.addChild(expressionCmd);
			
		
		    return expressionScript;
		}
	
	}

  ]]></Field>
	<Field name="ExpectedAstClass" type="java.lang.String">null</Field>
	<Field name="ExtVersion" type="java.lang.String">null</Field>
	<Field name="FirstDate" type="java.sql.Timestamp"><![CDATA[2016-06-03 14:37:17.0]]></Field>
	<Field name="FirstUser" type="java.lang.String"><![CDATA[SUNOPSIS_INSTALL]]></Field>
	<Field name="GlobalId" type="java.lang.String"><![CDATA[10f3dac5-5640-45fa-b720-42bea922be53]]></Field>
	<Field name="IndChange" type="java.lang.String"><![CDATA[U]]></Field>
	<Field name="IndExcludeExUnitBegin" type="java.lang.String">null</Field>
	<Field name="IndExcludeExUnitEnd" type="java.lang.String">null</Field>
	<Field name="IndExcludeExUnitMain" type="java.lang.String">null</Field>
	<Field name="IndExcludeMapBegin" type="java.lang.String">null</Field>
	<Field name="IndExcludeMapCleanup" type="java.lang.String">null</Field>
	<Field name="IndExcludeMapEnd" type="java.lang.String">null</Field>
	<Field name="IndGenerateLoad" type="java.lang.String"><![CDATA[1]]></Field>
	<Field name="IndIsHidden" type="java.lang.String"><![CDATA[0]]></Field>
	<Field name="IndJrnMethod" type="java.lang.String">null</Field>
	<Field name="IndSuppSetBased" type="java.lang.String"><![CDATA[0]]></Field>
	<Field name="IntgType" type="java.lang.String"><![CDATA[SELECT]]></Field>
	<Field name="IntVersion" type="com.sunopsis.sql.DbInt"><![CDATA[5]]></Field>
	<Field name="IsConcurrent" type="java.lang.String">null</Field>
	<Field name="IsSeeded" type="java.lang.String"><![CDATA[1]]></Field>
	<Field name="IBaseCompKm" type="com.sunopsis.sql.DbInt"><![CDATA[106]]></Field>
	<Field name="IFolder" type="com.sunopsis.sql.DbInt"><![CDATA[null]]></Field>
	<Field name="IProject" type="com.sunopsis.sql.DbInt"><![CDATA[null]]></Field>
	<Field name="IScBaseTrt" type="com.sunopsis.sql.DbInt"><![CDATA[null]]></Field>
	<Field name="IScOrigTrt" type="com.sunopsis.sql.DbInt"><![CDATA[null]]></Field>
	<Field name="IScTrt" type="com.sunopsis.sql.DbInt"><![CDATA[null]]></Field>
	<Field name="ITrt" type="com.sunopsis.sql.DbInt"><![CDATA[115]]></Field>
	<Field name="ITxtDelTxt" type="com.sunopsis.sql.DbInt"><![CDATA[null]]></Field>
	<Field name="ITxtTrtTxt" type="com.sunopsis.sql.DbInt"><![CDATA[455]]></Field>
	<Field name="KimMultiDserver" type="java.lang.String"><![CDATA[0]]></Field>
	<Field name="KmDefault" type="java.lang.String"><![CDATA[0]]></Field>
	<Field name="KmLang" type="java.lang.String"><![CDATA[PYTHON]]></Field>
	<Field name="KmSrcLang" type="java.lang.String">null</Field>
	<Field name="KmSrcTechno" type="java.lang.String">null</Field>
	<Field name="KmTechno" type="java.lang.String"><![CDATA[SPARK_PYTHON]]></Field>
	<Field name="KmVersion" type="java.lang.String">null</Field>
	<Field name="LastDate" type="java.sql.Timestamp"><![CDATA[2018-12-07 08:15:14.0]]></Field>
	<Field name="LastUser" type="java.lang.String"><![CDATA[SUNOPSIS_INSTALL]]></Field>
	<Field name="LkmType" type="java.lang.String"><![CDATA[N]]></Field>
	<Field name="LChecksum" type="com.sunopsis.sql.DbInt"><![CDATA[0]]></Field>
	<Field name="LCode" type="java.lang.String">null</Field>
	<Field name="OggJkm" type="java.lang.String">null</Field>
	<Field name="OrdFolder" type="com.sunopsis.sql.DbInt"><![CDATA[null]]></Field>
	<Field name="ProcType" type="java.lang.String"><![CDATA[S]]></Field>
	<Field name="ProdAstType" type="java.lang.String"><![CDATA[oracle.odi.mapping.generation.spark.SparkScript]]></Field>
	<Field name="RepGuid" type="java.lang.String">null</Field>
	<Field name="RepVersion" type="java.lang.String">null</Field>
	<Field name="ScriptPath" type="java.lang.String">null</Field>
	<Field name="ScOrigTrtTag" type="java.lang.String">null</Field>
	<Field name="Subtype" type="java.lang.String"><![CDATA[*]]></Field>
	<Field name="TrtName" type="java.lang.String"><![CDATA[XKM Spark Expression]]></Field>
	<Field name="TrtType" type="java.lang.String"><![CDATA[CK]]></Field>
	<Field name="VariableDefs" type="java.lang.String">null</Field>
	<Field name="VLastDate" type="java.sql.Timestamp">null</Field>
</Object>
<Object class="com.sunopsis.dwg.dbobj.SnpUserExitGroup">
		<Field name="GlobalId" type="java.lang.String"><![CDATA[dd8c36b5-92a4-44d0-a967-a618e61cce71]]></Field>
	<Field name="GroupName" type="java.lang.String"><![CDATA[DataFrames]]></Field>
	<Field name="ITrt" type="com.sunopsis.sql.DbInt"><![CDATA[115]]></Field>
	<Field name="IUserExitGroup" type="com.sunopsis.sql.DbInt"><![CDATA[27]]></Field>
	<Field name="Position" type="com.sunopsis.sql.DbInt"><![CDATA[1]]></Field>
</Object>
<Object class="com.sunopsis.dwg.dbobj.SnpUserExit">
		<Field name="ExprITxt" type="com.sunopsis.sql.DbInt"><![CDATA[1820]]></Field>
	<Field name="ExtVersion" type="java.lang.String">null</Field>
	<Field name="GlobalId" type="java.lang.String"><![CDATA[b8d52364-efcd-4fb3-9eec-d4412aa32566]]></Field>
	<Field name="IndChange" type="java.lang.String">null</Field>
	<Field name="ITrt" type="com.sunopsis.sql.DbInt"><![CDATA[115]]></Field>
	<Field name="ITxtUeHelp" type="com.sunopsis.sql.DbInt"><![CDATA[1821]]></Field>
	<Field name="ITxtValue" type="com.sunopsis.sql.DbInt"><![CDATA[null]]></Field>
	<Field name="IUserExit" type="com.sunopsis.sql.DbInt"><![CDATA[441]]></Field>
	<Field name="IUserExitGroup" type="com.sunopsis.sql.DbInt"><![CDATA[27]]></Field>
	<Field name="Position" type="com.sunopsis.sql.DbInt"><![CDATA[1]]></Field>
	<Field name="ShortValue" type="java.lang.String"><![CDATA[1]]></Field>
	<Field name="Subtypes" type="java.lang.String">null</Field>
	<Field name="UeName" type="java.lang.String"><![CDATA[SQL_EXPRESSIONS]]></Field>
	<Field name="UeSdesc" type="java.lang.String"><![CDATA[Use SQL Expressions]]></Field>
	<Field name="UeType" type="java.lang.String"><![CDATA[C]]></Field>
</Object>
<Object class="com.sunopsis.dwg.dbobj.SnpTxtHeader">
		<Field name="Enc" type="java.lang.String"><![CDATA[0]]></Field>
	<Field name="EncKey" type="java.lang.String">null</Field>
 <Field name="EncKeyVect" type="java.lang.String">null</Field>
	<Field name="GlobalId" type="java.lang.String"><![CDATA[a0f9b409-2b95-4e89-bcf0-d3633bbfe3c8]]></Field>
	<Field name="ITxt" type="com.sunopsis.sql.DbInt"><![CDATA[1820]]></Field>
	<Field name="ITxtOrig" type="com.sunopsis.sql.DbInt"><![CDATA[105]]></Field>
	<Field name="SqlIndGrp" type="java.lang.String"><![CDATA[0]]></Field>
 <Field name="Txt" type="java.lang.String"><![CDATA[return (isStreaming)?"show=false,enable=false":"show=true,enable=true";]]></Field>
</Object>
<Object class="com.sunopsis.dwg.dbobj.SnpOrigTxt">
		<Field name="GlobalId" type="java.lang.String">null</Field>
	<Field name="ITxtOrig" type="com.sunopsis.sql.DbInt"><![CDATA[105]]></Field>
	<Field name="OrigineName" type="java.lang.String"><![CDATA[Column description]]></Field>
	<Field name="SnpsCol" type="java.lang.String"><![CDATA[I_TXT_COL_DESC]]></Field>
	<Field name="SnpsTable" type="java.lang.String"><![CDATA[SNP_COL]]></Field>
</Object>
<Object class="com.sunopsis.dwg.dbobj.SnpTxtHeader">
		<Field name="Enc" type="java.lang.String"><![CDATA[0]]></Field>
	<Field name="EncKey" type="java.lang.String">null</Field>
 <Field name="EncKeyVect" type="java.lang.String">null</Field>
	<Field name="GlobalId" type="java.lang.String"><![CDATA[b247af82-6548-456b-b5bf-01f3a343640a]]></Field>
	<Field name="ITxt" type="com.sunopsis.sql.DbInt"><![CDATA[1821]]></Field>
	<Field name="ITxtOrig" type="com.sunopsis.sql.DbInt"><![CDATA[111]]></Field>
	<Field name="SqlIndGrp" type="java.lang.String"><![CDATA[0]]></Field>
 <Field name="Txt" type="java.lang.String"><![CDATA[
Set this option to True if you are using generic SQL syntax expressions.
Set this option to False if you are using Spark Python syntax expressions.
NOTE:
If this option is set to False (non-default), and expression is a constant - specify expression as lit(<my constant value>) 
Check pyspark.sql.functions module reference for more info about lit function:
pyspark.sql.functions.lit(col) - Creates a Column of literal value.  
  
  ]]></Field>
</Object>
<Object class="com.sunopsis.dwg.dbobj.SnpOrigTxt">
		<Field name="GlobalId" type="java.lang.String">null</Field>
	<Field name="ITxtOrig" type="com.sunopsis.sql.DbInt"><![CDATA[111]]></Field>
	<Field name="OrigineName" type="java.lang.String"><![CDATA[User Exit help]]></Field>
	<Field name="SnpsCol" type="java.lang.String"><![CDATA[I_TXT_UE_HELP]]></Field>
	<Field name="SnpsTable" type="java.lang.String"><![CDATA[SNP_USER_EXIT]]></Field>
</Object>
<Object class="com.sunopsis.dwg.dbobj.SnpReferencedObject">
		<Field name="IObject" type="com.sunopsis.sql.DbInt"><![CDATA[3600]]></Field>
	<Field name="ObjectPKasString" type="java.lang.String"><![CDATA[106]]></Field>
	<Field name="ObjectAKasString" type="java.lang.String"><![CDATA[]]></Field>
	<Field name="Description" type="java.lang.String"><![CDATA[SNP_TRT : SparkKM]]></Field>
 <Field name="GlobalId" type="java.lang.String"><![CDATA[739e7da4-f732-4455-8936-782fafe91869]]></Field>
</Object>
<Object class="com.sunopsis.dwg.dbobj.SnpTxtHeader">
		<Field name="Enc" type="java.lang.String"><![CDATA[0]]></Field>
	<Field name="EncKey" type="java.lang.String">null</Field>
 <Field name="EncKeyVect" type="java.lang.String">null</Field>
	<Field name="GlobalId" type="java.lang.String"><![CDATA[cbe6e2e4-c5bf-4328-a2d9-b873a0844a23]]></Field>
	<Field name="ITxt" type="com.sunopsis.sql.DbInt"><![CDATA[455]]></Field>
	<Field name="ITxtOrig" type="com.sunopsis.sql.DbInt"><![CDATA[107]]></Field>
	<Field name="SqlIndGrp" type="java.lang.String"><![CDATA[0]]></Field>
 <Field name="Txt" type="java.lang.String"><![CDATA[COMPONENT NAME: XKM Spark Expression
COMPONENT VERSION: 1
AUTHOR: Oracle
COMPATIBILITY: ODI 12.1.3.0.1 or above

DESCRIPTION:

Define expressions to be reused across a single mapping.]]></Field>
</Object>
<Object class="com.sunopsis.dwg.dbobj.SnpOrigTxt">
		<Field name="GlobalId" type="java.lang.String">null</Field>
	<Field name="ITxtOrig" type="com.sunopsis.sql.DbInt"><![CDATA[107]]></Field>
	<Field name="OrigineName" type="java.lang.String"><![CDATA[Edit Command]]></Field>
	<Field name="SnpsCol" type="java.lang.String"><![CDATA[I_TXT_TRT_TXT]]></Field>
	<Field name="SnpsTable" type="java.lang.String"><![CDATA[SNP_TRT]]></Field>
</Object>
<Object class="com.sunopsis.dwg.dbobj.SnpFKXRef">
		<Field name="RefKey" type="java.lang.String"><![CDATA[SNP_TXTHEADER.455]]></Field>
	<Field name="RefObjGlobalId" type="java.lang.String"><![CDATA[cbe6e2e4-c5bf-4328-a2d9-b873a0844a23]]></Field>
 <Field name="RefObjFQName" type="java.lang.String">null</Field>
 <Field name="RefObjFQType" type="java.lang.String">null</Field>
 <Field name="RefObjFQNameLengths" type="java.lang.String">null</Field>
</Object>
<Object class="com.sunopsis.dwg.dbobj.SnpFKXRef">
		<Field name="RefKey" type="java.lang.String"><![CDATA[SNP_TRT.106]]></Field>
	<Field name="RefObjGlobalId" type="java.lang.String"><![CDATA[739e7da4-f732-4455-8936-782fafe91869]]></Field>
 <Field name="RefObjFQName" type="java.lang.String"><![CDATA[SparkKM]]></Field>
 <Field name="RefObjFQType" type="java.lang.String"><![CDATA[SNP_TRT]]></Field>
 <Field name="RefObjFQNameLengths" type="java.lang.String"><![CDATA[7]]></Field>
</Object>
<Object class="com.sunopsis.dwg.dbobj.SnpFKXRef">
		<Field name="RefKey" type="java.lang.String"><![CDATA[SNP_TRT.115]]></Field>
	<Field name="RefObjGlobalId" type="java.lang.String"><![CDATA[10f3dac5-5640-45fa-b720-42bea922be53]]></Field>
 <Field name="RefObjFQName" type="java.lang.String"><![CDATA[XKM Spark Expression]]></Field>
 <Field name="RefObjFQType" type="java.lang.String"><![CDATA[SNP_TRT]]></Field>
 <Field name="RefObjFQNameLengths" type="java.lang.String"><![CDATA[20]]></Field>
</Object>
<Object class="com.sunopsis.dwg.dbobj.SnpFKXRef">
		<Field name="RefKey" type="java.lang.String"><![CDATA[SNP_TXTHEADER.1821]]></Field>
	<Field name="RefObjGlobalId" type="java.lang.String"><![CDATA[b247af82-6548-456b-b5bf-01f3a343640a]]></Field>
 <Field name="RefObjFQName" type="java.lang.String">null</Field>
 <Field name="RefObjFQType" type="java.lang.String">null</Field>
 <Field name="RefObjFQNameLengths" type="java.lang.String">null</Field>
</Object>
<Object class="com.sunopsis.dwg.dbobj.SnpFKXRef">
		<Field name="RefKey" type="java.lang.String"><![CDATA[SNP_USEREXITGROUP.27]]></Field>
	<Field name="RefObjGlobalId" type="java.lang.String"><![CDATA[dd8c36b5-92a4-44d0-a967-a618e61cce71]]></Field>
 <Field name="RefObjFQName" type="java.lang.String"><![CDATA[XKM Spark Expression.DataFrames]]></Field>
 <Field name="RefObjFQType" type="java.lang.String"><![CDATA[SNP_TRT.SNP_USEREXITGROUP]]></Field>
 <Field name="RefObjFQNameLengths" type="java.lang.String"><![CDATA[20.10]]></Field>
</Object>
<Object class="com.sunopsis.dwg.dbobj.SnpFKXRef">
		<Field name="RefKey" type="java.lang.String"><![CDATA[SNP_TXTHEADER.1820]]></Field>
	<Field name="RefObjGlobalId" type="java.lang.String"><![CDATA[a0f9b409-2b95-4e89-bcf0-d3633bbfe3c8]]></Field>
 <Field name="RefObjFQName" type="java.lang.String">null</Field>
 <Field name="RefObjFQType" type="java.lang.String">null</Field>
 <Field name="RefObjFQNameLengths" type="java.lang.String">null</Field>
</Object>
<Object class="com.sunopsis.dwg.DwgExportSummary">
		<Field name="ExpTxtNb" type="com.sunopsis.sql.DbInt"><![CDATA[0]]></Field>
	<Field name="InstObjNb" type="com.sunopsis.sql.DbInt"><![CDATA[0]]></Field>
	<Field name="JoinColNb" type="com.sunopsis.sql.DbInt"><![CDATA[0]]></Field>
	<Field name="JoinNb" type="com.sunopsis.sql.DbInt"><![CDATA[0]]></Field>
	<Field name="KeyColNb" type="com.sunopsis.sql.DbInt"><![CDATA[0]]></Field>
	<Field name="KeyNb" type="com.sunopsis.sql.DbInt"><![CDATA[0]]></Field>
	<Field name="LinkDiagNb" type="com.sunopsis.sql.DbInt"><![CDATA[0]]></Field>
	<Field name="MorigTxtNb" type="com.sunopsis.sql.DbInt"><![CDATA[0]]></Field>
	<Field name="MtxtNb" type="com.sunopsis.sql.DbInt"><![CDATA[0]]></Field>
	<Field name="OrigTxtNb" type="com.sunopsis.sql.DbInt"><![CDATA[3]]></Field>
	<Field name="OtherObjectsNb" type="com.sunopsis.sql.DbInt"><![CDATA[4]]></Field>
	<Field name="PlanAgentNb" type="com.sunopsis.sql.DbInt"><![CDATA[0]]></Field>
	<Field name="StepNb" type="com.sunopsis.sql.DbInt"><![CDATA[0]]></Field>
	<Field name="TxtNb" type="com.sunopsis.sql.DbInt"><![CDATA[3]]></Field>
	<Field name="UeOrigNb" type="com.sunopsis.sql.DbInt"><![CDATA[0]]></Field>
	<Field name="UeUsedNb" type="com.sunopsis.sql.DbInt"><![CDATA[0]]></Field>
	<Field name="VarPlanAgentNb" type="com.sunopsis.sql.DbInt"><![CDATA[0]]></Field>
	<Field name="ScenTxtNb" type="com.sunopsis.sql.DbInt"><![CDATA[0]]></Field>
	<Field name="OdiVersion" type="java.lang.String"><![CDATA[12.2.1]]></Field>
	<Field name="OriginRepositoryID" type="com.sunopsis.sql.DbInt"><![CDATA[1]]></Field>
	<Field name="RepositoryVersion" type="java.lang.String"><![CDATA[05.02.02.08]]></Field>
</Object>
</SunopsisExport>
