<?xml version="1.0" encoding="ISO-8859-1"?>
<SunopsisExport>
<Admin RepositoryVersion="05.02.02.08" IsLegacyIdCompatible="false" />
<Encryption algorithm="AES" keyLength="128" exportKeyHash="l2nIdZO1iubAsu6t9SbkHpZ4A8x7cGyiMi3APbwMnso=" keyVect="mj9GInLPgAkPIsgCm55G7w==" exportKeySalt="d780b10b-c883-46b4-857d-0fe40001e7eb" containsCipherText="false"/>
<Object class="com.sunopsis.dwg.dbobj.SnpLoadPlan">
		<Field name="CecLprBehavior" type="java.lang.String"><![CDATA[E]]></Field>
	<Field name="CecLprPollIntv" type="com.sunopsis.sql.DbInt"><![CDATA[null]]></Field>
	<Field name="ExtVersion" type="java.lang.String">null</Field>
	<Field name="FirstDate" type="java.sql.Timestamp"><![CDATA[2019-12-15 11:50:29.0]]></Field>
	<Field name="FirstUser" type="java.lang.String"><![CDATA[SUPERVISOR]]></Field>
	<Field name="GlobalId" type="java.lang.String"><![CDATA[5f3d3ca5-7285-4835-b8f3-a416e998c850]]></Field>
	<Field name="IndChange" type="java.lang.String"><![CDATA[I]]></Field>
	<Field name="IndSessLog" type="java.lang.String"><![CDATA[AK]]></Field>
	<Field name="IndStepLog" type="java.lang.String"><![CDATA[AK]]></Field>
	<Field name="IntVersion" type="com.sunopsis.sql.DbInt"><![CDATA[1]]></Field>
	<Field name="ILoadPlan" type="com.sunopsis.sql.DbInt"><![CDATA[4]]></Field>
	<Field name="IScenFolder" type="com.sunopsis.sql.DbInt"><![CDATA[null]]></Field>
	<Field name="ITxtDesc" type="com.sunopsis.sql.DbInt"><![CDATA[null]]></Field>
	<Field name="KeepLogHdays" type="com.sunopsis.sql.DbInt"><![CDATA[7]]></Field>
	<Field name="LastDate" type="java.sql.Timestamp"><![CDATA[2019-12-15 11:50:29.0]]></Field>
	<Field name="LastUser" type="java.lang.String"><![CDATA[SUPERVISOR]]></Field>
	<Field name="LoadPlanName" type="java.lang.String"><![CDATA[CassandraToPostgres]]></Field>
	<Field name="MaxCecLpr" type="com.sunopsis.sql.DbInt"><![CDATA[0]]></Field>
	<Field name="SessKeywords" type="java.lang.String">null</Field>
	<Field name="TaskLogLevel" type="com.sunopsis.sql.DbInt"><![CDATA[5]]></Field>
</Object>
<Object class="com.sunopsis.dwg.dbobj.SnpLpStep">
		<Field name="ContextCode" type="java.lang.String">null</Field>
	<Field name="ExceptBehavior" type="java.lang.String"><![CDATA[R]]></Field>
	<Field name="GlobalId" type="java.lang.String"><![CDATA[f54e94f9-1595-4d41-a2c1-52c1b76ba49b]]></Field>
	<Field name="IndEnabled" type="java.lang.String"><![CDATA[1]]></Field>
	<Field name="ILoadPlan" type="com.sunopsis.sql.DbInt"><![CDATA[4]]></Field>
	<Field name="ILpStep" type="com.sunopsis.sql.DbInt"><![CDATA[8]]></Field>
	<Field name="ILpStepExcept" type="com.sunopsis.sql.DbInt"><![CDATA[null]]></Field>
	<Field name="LagentName" type="java.lang.String">null</Field>
	<Field name="LpStepName" type="java.lang.String"><![CDATA[root_step]]></Field>
	<Field name="LpStepType" type="java.lang.String"><![CDATA[SE]]></Field>
	<Field name="MaxParError" type="com.sunopsis.sql.DbInt"><![CDATA[null]]></Field>
	<Field name="ParILpStep" type="com.sunopsis.sql.DbInt"><![CDATA[null]]></Field>
	<Field name="RestartType" type="java.lang.String"><![CDATA[SF]]></Field>
	<Field name="ScenName" type="java.lang.String">null</Field>
	<Field name="ScenNo" type="com.sunopsis.sql.DbInt"><![CDATA[null]]></Field>
	<Field name="ScenVersion" type="java.lang.String">null</Field>
	<Field name="SessKeywords" type="java.lang.String">null</Field>
	<Field name="StepOrder" type="com.sunopsis.sql.DbInt"><![CDATA[0]]></Field>
	<Field name="StepPriority" type="com.sunopsis.sql.DbInt"><![CDATA[null]]></Field>
	<Field name="StepTimeout" type="com.sunopsis.sql.DbInt"><![CDATA[0]]></Field>
	<Field name="VarLongValue" type="java.lang.String">null</Field>
	<Field name="VarName" type="java.lang.String">null</Field>
	<Field name="VarOp" type="java.lang.String">null</Field>
	<Field name="VarValue" type="java.lang.String">null</Field>
</Object>
<Object class="com.sunopsis.dwg.dbobj.SnpLpStep">
		<Field name="ContextCode" type="java.lang.String">null</Field>
	<Field name="ExceptBehavior" type="java.lang.String"><![CDATA[R]]></Field>
	<Field name="GlobalId" type="java.lang.String"><![CDATA[a5c0602b-131e-4611-92bd-ef5006d358ad]]></Field>
	<Field name="IndEnabled" type="java.lang.String"><![CDATA[1]]></Field>
	<Field name="ILoadPlan" type="com.sunopsis.sql.DbInt"><![CDATA[4]]></Field>
	<Field name="ILpStep" type="com.sunopsis.sql.DbInt"><![CDATA[9]]></Field>
	<Field name="ILpStepExcept" type="com.sunopsis.sql.DbInt"><![CDATA[null]]></Field>
	<Field name="LagentName" type="java.lang.String">null</Field>
	<Field name="LpStepName" type="java.lang.String"><![CDATA[CassandraToPostgres]]></Field>
	<Field name="LpStepType" type="java.lang.String"><![CDATA[SE]]></Field>
	<Field name="MaxParError" type="com.sunopsis.sql.DbInt"><![CDATA[null]]></Field>
	<Field name="ParILpStep" type="com.sunopsis.sql.DbInt"><![CDATA[8]]></Field>
	<Field name="RestartType" type="java.lang.String"><![CDATA[SF]]></Field>
	<Field name="ScenName" type="java.lang.String">null</Field>
	<Field name="ScenNo" type="com.sunopsis.sql.DbInt"><![CDATA[null]]></Field>
	<Field name="ScenVersion" type="java.lang.String">null</Field>
	<Field name="SessKeywords" type="java.lang.String">null</Field>
	<Field name="StepOrder" type="com.sunopsis.sql.DbInt"><![CDATA[0]]></Field>
	<Field name="StepPriority" type="com.sunopsis.sql.DbInt"><![CDATA[null]]></Field>
	<Field name="StepTimeout" type="com.sunopsis.sql.DbInt"><![CDATA[0]]></Field>
	<Field name="VarLongValue" type="java.lang.String">null</Field>
	<Field name="VarName" type="java.lang.String">null</Field>
	<Field name="VarOp" type="java.lang.String">null</Field>
	<Field name="VarValue" type="java.lang.String">null</Field>
</Object>
<Object class="com.sunopsis.dwg.dbobj.SnpLpStep">
		<Field name="ContextCode" type="java.lang.String">null</Field>
	<Field name="ExceptBehavior" type="java.lang.String"><![CDATA[R]]></Field>
	<Field name="GlobalId" type="java.lang.String"><![CDATA[d89bfdf7-2527-4213-a685-4fb502d9defb]]></Field>
	<Field name="IndEnabled" type="java.lang.String"><![CDATA[1]]></Field>
	<Field name="ILoadPlan" type="com.sunopsis.sql.DbInt"><![CDATA[4]]></Field>
	<Field name="ILpStep" type="com.sunopsis.sql.DbInt"><![CDATA[10]]></Field>
	<Field name="ILpStepExcept" type="com.sunopsis.sql.DbInt"><![CDATA[null]]></Field>
	<Field name="LagentName" type="java.lang.String">null</Field>
	<Field name="LpStepName" type="java.lang.String"><![CDATA[TESTLOAD_C_TO_P]]></Field>
	<Field name="LpStepType" type="java.lang.String"><![CDATA[RS]]></Field>
	<Field name="MaxParError" type="com.sunopsis.sql.DbInt"><![CDATA[null]]></Field>
	<Field name="ParILpStep" type="com.sunopsis.sql.DbInt"><![CDATA[9]]></Field>
	<Field name="RestartType" type="java.lang.String"><![CDATA[RN]]></Field>
	<Field name="ScenName" type="java.lang.String"><![CDATA[TESTLOAD_C_TO_P]]></Field>
	<Field name="ScenNo" type="com.sunopsis.sql.DbInt"><![CDATA[null]]></Field>
	<Field name="ScenVersion" type="java.lang.String"><![CDATA[001]]></Field>
	<Field name="SessKeywords" type="java.lang.String">null</Field>
	<Field name="StepOrder" type="com.sunopsis.sql.DbInt"><![CDATA[0]]></Field>
	<Field name="StepPriority" type="com.sunopsis.sql.DbInt"><![CDATA[0]]></Field>
	<Field name="StepTimeout" type="com.sunopsis.sql.DbInt"><![CDATA[0]]></Field>
	<Field name="VarLongValue" type="java.lang.String">null</Field>
	<Field name="VarName" type="java.lang.String">null</Field>
	<Field name="VarOp" type="java.lang.String">null</Field>
	<Field name="VarValue" type="java.lang.String">null</Field>
</Object>
<Object class="com.sunopsis.dwg.dbobj.SnpReferencedObject">
		<Field name="IObject" type="com.sunopsis.sql.DbInt"><![CDATA[4400]]></Field>
	<Field name="ObjectPKasString" type="java.lang.String"><![CDATA[17]]></Field>
	<Field name="ObjectAKasString" type="java.lang.String"><![CDATA[TESTLOAD_C_TO_P#001]]></Field>
	<Field name="Description" type="java.lang.String"><![CDATA[SNP_SCEN : TESTLOAD_C_TO_P Version 001]]></Field>
 <Field name="GlobalId" type="java.lang.String"><![CDATA[95630f3b-0bb5-44a3-a5b2-7ff73c21e333]]></Field>
</Object>
<Object class="com.sunopsis.dwg.dbobj.SnpLpStep">
		<Field name="ContextCode" type="java.lang.String">null</Field>
	<Field name="ExceptBehavior" type="java.lang.String"><![CDATA[R]]></Field>
	<Field name="GlobalId" type="java.lang.String"><![CDATA[4fd0d2d2-7774-4ec4-a9fc-78f8da650947]]></Field>
	<Field name="IndEnabled" type="java.lang.String"><![CDATA[1]]></Field>
	<Field name="ILoadPlan" type="com.sunopsis.sql.DbInt"><![CDATA[4]]></Field>
	<Field name="ILpStep" type="com.sunopsis.sql.DbInt"><![CDATA[11]]></Field>
	<Field name="ILpStepExcept" type="com.sunopsis.sql.DbInt"><![CDATA[null]]></Field>
	<Field name="LagentName" type="java.lang.String">null</Field>
	<Field name="LpStepName" type="java.lang.String"><![CDATA[QUESTIONLOAD_C_T_P]]></Field>
	<Field name="LpStepType" type="java.lang.String"><![CDATA[RS]]></Field>
	<Field name="MaxParError" type="com.sunopsis.sql.DbInt"><![CDATA[null]]></Field>
	<Field name="ParILpStep" type="com.sunopsis.sql.DbInt"><![CDATA[9]]></Field>
	<Field name="RestartType" type="java.lang.String"><![CDATA[RN]]></Field>
	<Field name="ScenName" type="java.lang.String"><![CDATA[QUESTIONLOAD_C_T_P]]></Field>
	<Field name="ScenNo" type="com.sunopsis.sql.DbInt"><![CDATA[null]]></Field>
	<Field name="ScenVersion" type="java.lang.String"><![CDATA[001]]></Field>
	<Field name="SessKeywords" type="java.lang.String">null</Field>
	<Field name="StepOrder" type="com.sunopsis.sql.DbInt"><![CDATA[1]]></Field>
	<Field name="StepPriority" type="com.sunopsis.sql.DbInt"><![CDATA[0]]></Field>
	<Field name="StepTimeout" type="com.sunopsis.sql.DbInt"><![CDATA[0]]></Field>
	<Field name="VarLongValue" type="java.lang.String">null</Field>
	<Field name="VarName" type="java.lang.String">null</Field>
	<Field name="VarOp" type="java.lang.String">null</Field>
	<Field name="VarValue" type="java.lang.String">null</Field>
</Object>
<Object class="com.sunopsis.dwg.dbobj.SnpReferencedObject">
		<Field name="IObject" type="com.sunopsis.sql.DbInt"><![CDATA[4400]]></Field>
	<Field name="ObjectPKasString" type="java.lang.String"><![CDATA[18]]></Field>
	<Field name="ObjectAKasString" type="java.lang.String"><![CDATA[QUESTIONLOAD_C_T_P#001]]></Field>
	<Field name="Description" type="java.lang.String"><![CDATA[SNP_SCEN : QUESTIONLOAD_C_T_P Version 001]]></Field>
 <Field name="GlobalId" type="java.lang.String"><![CDATA[224ae417-5dab-4071-9ffe-b3c4705a6b68]]></Field>
</Object>
<Object class="com.sunopsis.dwg.dbobj.SnpLpStep">
		<Field name="ContextCode" type="java.lang.String">null</Field>
	<Field name="ExceptBehavior" type="java.lang.String"><![CDATA[R]]></Field>
	<Field name="GlobalId" type="java.lang.String"><![CDATA[d8d40a48-a6d1-466f-bad9-d04523703cd9]]></Field>
	<Field name="IndEnabled" type="java.lang.String"><![CDATA[1]]></Field>
	<Field name="ILoadPlan" type="com.sunopsis.sql.DbInt"><![CDATA[4]]></Field>
	<Field name="ILpStep" type="com.sunopsis.sql.DbInt"><![CDATA[12]]></Field>
	<Field name="ILpStepExcept" type="com.sunopsis.sql.DbInt"><![CDATA[null]]></Field>
	<Field name="LagentName" type="java.lang.String">null</Field>
	<Field name="LpStepName" type="java.lang.String"><![CDATA[ANSWERLOAD]]></Field>
	<Field name="LpStepType" type="java.lang.String"><![CDATA[RS]]></Field>
	<Field name="MaxParError" type="com.sunopsis.sql.DbInt"><![CDATA[null]]></Field>
	<Field name="ParILpStep" type="com.sunopsis.sql.DbInt"><![CDATA[9]]></Field>
	<Field name="RestartType" type="java.lang.String"><![CDATA[RN]]></Field>
	<Field name="ScenName" type="java.lang.String"><![CDATA[ANSWERLOAD]]></Field>
	<Field name="ScenNo" type="com.sunopsis.sql.DbInt"><![CDATA[null]]></Field>
	<Field name="ScenVersion" type="java.lang.String"><![CDATA[001]]></Field>
	<Field name="SessKeywords" type="java.lang.String">null</Field>
	<Field name="StepOrder" type="com.sunopsis.sql.DbInt"><![CDATA[2]]></Field>
	<Field name="StepPriority" type="com.sunopsis.sql.DbInt"><![CDATA[0]]></Field>
	<Field name="StepTimeout" type="com.sunopsis.sql.DbInt"><![CDATA[0]]></Field>
	<Field name="VarLongValue" type="java.lang.String">null</Field>
	<Field name="VarName" type="java.lang.String">null</Field>
	<Field name="VarOp" type="java.lang.String">null</Field>
	<Field name="VarValue" type="java.lang.String">null</Field>
</Object>
<Object class="com.sunopsis.dwg.dbobj.SnpReferencedObject">
		<Field name="IObject" type="com.sunopsis.sql.DbInt"><![CDATA[4400]]></Field>
	<Field name="ObjectPKasString" type="java.lang.String"><![CDATA[16]]></Field>
	<Field name="ObjectAKasString" type="java.lang.String"><![CDATA[ANSWERLOAD#001]]></Field>
	<Field name="Description" type="java.lang.String"><![CDATA[SNP_SCEN : ANSWERLOAD Version 001]]></Field>
 <Field name="GlobalId" type="java.lang.String"><![CDATA[e57e276e-652f-4e25-b94f-5a60e4ff344a]]></Field>
</Object>
<Object class="com.sunopsis.dwg.dbobj.SnpFKXRef">
		<Field name="RefKey" type="java.lang.String"><![CDATA[SNP_LOADPLAN.4]]></Field>
	<Field name="RefObjGlobalId" type="java.lang.String"><![CDATA[5f3d3ca5-7285-4835-b8f3-a416e998c850]]></Field>
 <Field name="RefObjFQName" type="java.lang.String"><![CDATA[CassandraToPostgres]]></Field>
 <Field name="RefObjFQType" type="java.lang.String"><![CDATA[SNP_LOADPLAN]]></Field>
 <Field name="RefObjFQNameLengths" type="java.lang.String"><![CDATA[19]]></Field>
</Object>
<Object class="com.sunopsis.dwg.dbobj.SnpFKXRef">
		<Field name="RefKey" type="java.lang.String"><![CDATA[SNP_LPSTEP.4.8]]></Field>
	<Field name="RefObjGlobalId" type="java.lang.String"><![CDATA[f54e94f9-1595-4d41-a2c1-52c1b76ba49b]]></Field>
 <Field name="RefObjFQName" type="java.lang.String"><![CDATA[CassandraToPostgres.root_step]]></Field>
 <Field name="RefObjFQType" type="java.lang.String"><![CDATA[SNP_LOADPLAN.SNP_LPSTEP]]></Field>
 <Field name="RefObjFQNameLengths" type="java.lang.String"><![CDATA[19.9]]></Field>
</Object>
<Object class="com.sunopsis.dwg.dbobj.SnpFKXRef">
		<Field name="RefKey" type="java.lang.String"><![CDATA[SNP_LPSTEP.4.9]]></Field>
	<Field name="RefObjGlobalId" type="java.lang.String"><![CDATA[a5c0602b-131e-4611-92bd-ef5006d358ad]]></Field>
 <Field name="RefObjFQName" type="java.lang.String"><![CDATA[CassandraToPostgres.CassandraToPostgres]]></Field>
 <Field name="RefObjFQType" type="java.lang.String"><![CDATA[SNP_LOADPLAN.SNP_LPSTEP]]></Field>
 <Field name="RefObjFQNameLengths" type="java.lang.String"><![CDATA[19.19]]></Field>
</Object>
<Object class="com.sunopsis.dwg.DwgExportSummary">
		<Field name="ExpTxtNb" type="com.sunopsis.sql.DbInt"><![CDATA[0]]></Field>
	<Field name="InstObjNb" type="com.sunopsis.sql.DbInt"><![CDATA[0]]></Field>
	<Field name="JoinColNb" type="com.sunopsis.sql.DbInt"><![CDATA[0]]></Field>
	<Field name="JoinNb" type="com.sunopsis.sql.DbInt"><![CDATA[0]]></Field>
	<Field name="KeyColNb" type="com.sunopsis.sql.DbInt"><![CDATA[0]]></Field>
	<Field name="KeyNb" type="com.sunopsis.sql.DbInt"><![CDATA[0]]></Field>
	<Field name="LinkDiagNb" type="com.sunopsis.sql.DbInt"><![CDATA[0]]></Field>
	<Field name="MorigTxtNb" type="com.sunopsis.sql.DbInt"><![CDATA[0]]></Field>
	<Field name="MtxtNb" type="com.sunopsis.sql.DbInt"><![CDATA[0]]></Field>
	<Field name="OrigTxtNb" type="com.sunopsis.sql.DbInt"><![CDATA[0]]></Field>
	<Field name="OtherObjectsNb" type="com.sunopsis.sql.DbInt"><![CDATA[6]]></Field>
	<Field name="PlanAgentNb" type="com.sunopsis.sql.DbInt"><![CDATA[0]]></Field>
	<Field name="StepNb" type="com.sunopsis.sql.DbInt"><![CDATA[0]]></Field>
	<Field name="TxtNb" type="com.sunopsis.sql.DbInt"><![CDATA[0]]></Field>
	<Field name="UeOrigNb" type="com.sunopsis.sql.DbInt"><![CDATA[0]]></Field>
	<Field name="UeUsedNb" type="com.sunopsis.sql.DbInt"><![CDATA[0]]></Field>
	<Field name="VarPlanAgentNb" type="com.sunopsis.sql.DbInt"><![CDATA[0]]></Field>
	<Field name="ScenTxtNb" type="com.sunopsis.sql.DbInt"><![CDATA[0]]></Field>
	<Field name="OdiVersion" type="java.lang.String"><![CDATA[12.2.1]]></Field>
	<Field name="OriginRepositoryID" type="com.sunopsis.sql.DbInt"><![CDATA[1]]></Field>
	<Field name="RepositoryVersion" type="java.lang.String"><![CDATA[05.02.02.08]]></Field>
</Object>
</SunopsisExport>
