<?xml version="1.0" encoding="ISO-8859-1"?>
<SunopsisExport>
<Admin RepositoryVersion="05.02.02.08" IsLegacyIdCompatible="false" />
<Encryption algorithm="AES" keyLength="128" exportKeyHash="/AA7JqfzedfMZA8vTIMkOfMOpB9Ur6JfcDHm10psVto=" keyVect="9lf7MmdMNreRCGeiuG1qOg==" exportKeySalt="97dfe40f-f4dc-4b04-9614-0d7cc1627b71" containsCipherText="false"/>
<Object class="com.sunopsis.dwg.dbobj.SnpUfunc">
		<Field name="ExtVersion" type="java.lang.String">null</Field>
	<Field name="FirstDate" type="java.sql.Timestamp"><![CDATA[2016-06-16 16:31:26.0]]></Field>
	<Field name="FirstUser" type="java.lang.String"><![CDATA[SUNOPSIS_INSTALL]]></Field>
	<Field name="GlobalId" type="java.lang.String"><![CDATA[3379278a-a45e-4f7f-9207-0774608ae78b]]></Field>
	<Field name="GroupName" type="java.lang.String"><![CDATA[Dimension]]></Field>
	<Field name="IndChange" type="java.lang.String"><![CDATA[U]]></Field>
	<Field name="IntVersion" type="com.sunopsis.sql.DbInt"><![CDATA[2]]></Field>
	<Field name="IProject" type="com.sunopsis.sql.DbInt"><![CDATA[null]]></Field>
	<Field name="ITxtDef" type="com.sunopsis.sql.DbInt"><![CDATA[961]]></Field>
	<Field name="ITxtDesc" type="com.sunopsis.sql.DbInt"><![CDATA[null]]></Field>
	<Field name="IUfunc" type="com.sunopsis.sql.DbInt"><![CDATA[2]]></Field>
	<Field name="LastDate" type="java.sql.Timestamp"><![CDATA[2016-12-08 23:15:03.0]]></Field>
	<Field name="LastUser" type="java.lang.String"><![CDATA[SUNOPSIS_INSTALL]]></Field>
	<Field name="SyntaxHash" type="java.lang.String"><![CDATA[755e6149c952077ad0e028c15a713e911330133b]]></Field>
	<Field name="UfuncName" type="java.lang.String"><![CDATA[FUNC_MINUS_SECONDS]]></Field>
	<Field name="UfuncVersion" type="java.lang.String">null</Field>
	<Field name="VLastDate" type="java.sql.Timestamp">null</Field>
</Object>
<Object class="com.sunopsis.dwg.dbobj.SnpUfuncImpl">
		<Field name="GlobalId" type="java.lang.String"><![CDATA[0af15d51-81c6-4d21-af58-a4e12360d860]]></Field>
	<Field name="ITxtImpl" type="com.sunopsis.sql.DbInt"><![CDATA[1465]]></Field>
	<Field name="IUfunc" type="com.sunopsis.sql.DbInt"><![CDATA[2]]></Field>
	<Field name="IUfuncImpl" type="com.sunopsis.sql.DbInt"><![CDATA[15]]></Field>
</Object>
<Object class="com.sunopsis.dwg.dbobj.SnpUfuncTechno">
		<Field name="GlobalId" type="java.lang.String"><![CDATA[c3f09f94-c28e-46bf-9685-7b46b0d885b9]]></Field>
	<Field name="IUfuncImpl" type="com.sunopsis.sql.DbInt"><![CDATA[15]]></Field>
	<Field name="TechIntName" type="java.lang.String"><![CDATA[IBM_DB2_UDB]]></Field>
</Object>
<Object class="com.sunopsis.dwg.dbobj.SnpReferencedObject">
		<Field name="IObject" type="com.sunopsis.sql.DbInt"><![CDATA[1200]]></Field>
	<Field name="ObjectPKasString" type="java.lang.String"><![CDATA[54]]></Field>
	<Field name="ObjectAKasString" type="java.lang.String"><![CDATA[IBM_DB2_UDB]]></Field>
	<Field name="Description" type="java.lang.String"><![CDATA[SNP_TECHNO : IBM DB2 UDB]]></Field>
 <Field name="GlobalId" type="java.lang.String"><![CDATA[b3583113-3cbd-3f3c-84c9-f030cbd57662]]></Field>
</Object>
<Object class="com.sunopsis.dwg.dbobj.SnpTxtHeader">
		<Field name="Enc" type="java.lang.String"><![CDATA[0]]></Field>
	<Field name="EncKey" type="java.lang.String">null</Field>
 <Field name="EncKeyVect" type="java.lang.String">null</Field>
	<Field name="GlobalId" type="java.lang.String"><![CDATA[5eada029-17c6-4e38-a2f5-09d76e83a118]]></Field>
	<Field name="ITxt" type="com.sunopsis.sql.DbInt"><![CDATA[1465]]></Field>
	<Field name="ITxtOrig" type="com.sunopsis.sql.DbInt"><![CDATA[125]]></Field>
	<Field name="SqlIndGrp" type="java.lang.String"><![CDATA[2]]></Field>
 <Field name="Txt" type="java.lang.String"><![CDATA[$(PARAM1) - '$(PARAM2)' SECOND]]></Field>
</Object>
<Object class="com.sunopsis.dwg.dbobj.SnpOrigTxt">
		<Field name="GlobalId" type="java.lang.String">null</Field>
	<Field name="ITxtOrig" type="com.sunopsis.sql.DbInt"><![CDATA[125]]></Field>
	<Field name="OrigineName" type="java.lang.String"><![CDATA[Function impl.]]></Field>
	<Field name="SnpsCol" type="java.lang.String"><![CDATA[I_TXT_IMPL]]></Field>
	<Field name="SnpsTable" type="java.lang.String"><![CDATA[SNP_UFUNC_IMPL]]></Field>
</Object>
<Object class="com.sunopsis.dwg.dbobj.SnpUfuncImpl">
		<Field name="GlobalId" type="java.lang.String"><![CDATA[77f6a6d4-4b60-495b-ae52-2a988ca414cc]]></Field>
	<Field name="ITxtImpl" type="com.sunopsis.sql.DbInt"><![CDATA[1464]]></Field>
	<Field name="IUfunc" type="com.sunopsis.sql.DbInt"><![CDATA[2]]></Field>
	<Field name="IUfuncImpl" type="com.sunopsis.sql.DbInt"><![CDATA[14]]></Field>
</Object>
<Object class="com.sunopsis.dwg.dbobj.SnpUfuncTechno">
		<Field name="GlobalId" type="java.lang.String"><![CDATA[c23a0be2-2976-411a-ac73-a64a5d0fa5d2]]></Field>
	<Field name="IUfuncImpl" type="com.sunopsis.sql.DbInt"><![CDATA[14]]></Field>
	<Field name="TechIntName" type="java.lang.String"><![CDATA[MYSQL]]></Field>
</Object>
<Object class="com.sunopsis.dwg.dbobj.SnpReferencedObject">
		<Field name="IObject" type="com.sunopsis.sql.DbInt"><![CDATA[1200]]></Field>
	<Field name="ObjectPKasString" type="java.lang.String"><![CDATA[16]]></Field>
	<Field name="ObjectAKasString" type="java.lang.String"><![CDATA[MYSQL]]></Field>
	<Field name="Description" type="java.lang.String"><![CDATA[SNP_TECHNO : MySQL]]></Field>
 <Field name="GlobalId" type="java.lang.String"><![CDATA[c937df56-8e23-336a-9805-0e1576d17653]]></Field>
</Object>
<Object class="com.sunopsis.dwg.dbobj.SnpTxtHeader">
		<Field name="Enc" type="java.lang.String"><![CDATA[0]]></Field>
	<Field name="EncKey" type="java.lang.String">null</Field>
 <Field name="EncKeyVect" type="java.lang.String">null</Field>
	<Field name="GlobalId" type="java.lang.String"><![CDATA[9fd841a0-bd66-47fe-b8cf-928192b74731]]></Field>
	<Field name="ITxt" type="com.sunopsis.sql.DbInt"><![CDATA[1464]]></Field>
	<Field name="ITxtOrig" type="com.sunopsis.sql.DbInt"><![CDATA[125]]></Field>
	<Field name="SqlIndGrp" type="java.lang.String"><![CDATA[2]]></Field>
 <Field name="Txt" type="java.lang.String"><![CDATA[DATE_SUB($(PARAM1), INTERVAL $(PARAM2) SECOND)]]></Field>
</Object>
<Object class="com.sunopsis.dwg.dbobj.SnpUfuncImpl">
		<Field name="GlobalId" type="java.lang.String"><![CDATA[f7e8f2b0-d62b-4591-9601-da57d3218ef6]]></Field>
	<Field name="ITxtImpl" type="com.sunopsis.sql.DbInt"><![CDATA[969]]></Field>
	<Field name="IUfunc" type="com.sunopsis.sql.DbInt"><![CDATA[2]]></Field>
	<Field name="IUfuncImpl" type="com.sunopsis.sql.DbInt"><![CDATA[1]]></Field>
</Object>
<Object class="com.sunopsis.dwg.dbobj.SnpUfuncTechno">
		<Field name="GlobalId" type="java.lang.String"><![CDATA[397e4a13-646a-43be-89e9-34b2101efef6]]></Field>
	<Field name="IUfuncImpl" type="com.sunopsis.sql.DbInt"><![CDATA[1]]></Field>
	<Field name="TechIntName" type="java.lang.String"><![CDATA[ORACLE]]></Field>
</Object>
<Object class="com.sunopsis.dwg.dbobj.SnpReferencedObject">
		<Field name="IObject" type="com.sunopsis.sql.DbInt"><![CDATA[1200]]></Field>
	<Field name="ObjectPKasString" type="java.lang.String"><![CDATA[102]]></Field>
	<Field name="ObjectAKasString" type="java.lang.String"><![CDATA[ORACLE]]></Field>
	<Field name="Description" type="java.lang.String"><![CDATA[SNP_TECHNO : Oracle]]></Field>
 <Field name="GlobalId" type="java.lang.String"><![CDATA[e9120718-5b1e-3e9c-b3b9-28317b288494]]></Field>
</Object>
<Object class="com.sunopsis.dwg.dbobj.SnpTxtHeader">
		<Field name="Enc" type="java.lang.String"><![CDATA[0]]></Field>
	<Field name="EncKey" type="java.lang.String">null</Field>
 <Field name="EncKeyVect" type="java.lang.String">null</Field>
	<Field name="GlobalId" type="java.lang.String"><![CDATA[37baaeae-ca68-406e-9926-bfbc79fdbf8d]]></Field>
	<Field name="ITxt" type="com.sunopsis.sql.DbInt"><![CDATA[969]]></Field>
	<Field name="ITxtOrig" type="com.sunopsis.sql.DbInt"><![CDATA[125]]></Field>
	<Field name="SqlIndGrp" type="java.lang.String"><![CDATA[2]]></Field>
 <Field name="Txt" type="java.lang.String"><![CDATA[$(PARAM1) - INTERVAL '$(PARAM2)' SECOND]]></Field>
</Object>
<Object class="com.sunopsis.dwg.dbobj.SnpTxtHeader">
		<Field name="Enc" type="java.lang.String"><![CDATA[0]]></Field>
	<Field name="EncKey" type="java.lang.String">null</Field>
 <Field name="EncKeyVect" type="java.lang.String">null</Field>
	<Field name="GlobalId" type="java.lang.String"><![CDATA[e344b237-22f9-4e32-a6e3-82d9f838c64b]]></Field>
	<Field name="ITxt" type="com.sunopsis.sql.DbInt"><![CDATA[961]]></Field>
	<Field name="ITxtOrig" type="com.sunopsis.sql.DbInt"><![CDATA[126]]></Field>
	<Field name="SqlIndGrp" type="java.lang.String"><![CDATA[0]]></Field>
 <Field name="Txt" type="java.lang.String"><![CDATA[FUNC_MINUS_SECONDS($(PARAM1), $(PARAM2))]]></Field>
</Object>
<Object class="com.sunopsis.dwg.dbobj.SnpOrigTxt">
		<Field name="GlobalId" type="java.lang.String">null</Field>
	<Field name="ITxtOrig" type="com.sunopsis.sql.DbInt"><![CDATA[126]]></Field>
	<Field name="OrigineName" type="java.lang.String"><![CDATA[UFUNC_TXT_DEF]]></Field>
	<Field name="SnpsCol" type="java.lang.String"><![CDATA[I_TXT_DEF]]></Field>
	<Field name="SnpsTable" type="java.lang.String"><![CDATA[SNP_UFUNC]]></Field>
</Object>
<Object class="com.sunopsis.dwg.dbobj.SnpFKXRef">
		<Field name="RefKey" type="java.lang.String"><![CDATA[SNP_TXTHEADER.961]]></Field>
	<Field name="RefObjGlobalId" type="java.lang.String"><![CDATA[e344b237-22f9-4e32-a6e3-82d9f838c64b]]></Field>
 <Field name="RefObjFQName" type="java.lang.String">null</Field>
 <Field name="RefObjFQType" type="java.lang.String">null</Field>
 <Field name="RefObjFQNameLengths" type="java.lang.String">null</Field>
</Object>
<Object class="com.sunopsis.dwg.dbobj.SnpFKXRef">
		<Field name="RefKey" type="java.lang.String"><![CDATA[SNP_UFUNC.2]]></Field>
	<Field name="RefObjGlobalId" type="java.lang.String"><![CDATA[3379278a-a45e-4f7f-9207-0774608ae78b]]></Field>
 <Field name="RefObjFQName" type="java.lang.String"><![CDATA[FUNC_MINUS_SECONDS]]></Field>
 <Field name="RefObjFQType" type="java.lang.String"><![CDATA[SNP_UFUNC]]></Field>
 <Field name="RefObjFQNameLengths" type="java.lang.String"><![CDATA[18]]></Field>
</Object>
<Object class="com.sunopsis.dwg.dbobj.SnpFKXRef">
		<Field name="RefKey" type="java.lang.String"><![CDATA[SNP_TXTHEADER.1465]]></Field>
	<Field name="RefObjGlobalId" type="java.lang.String"><![CDATA[5eada029-17c6-4e38-a2f5-09d76e83a118]]></Field>
 <Field name="RefObjFQName" type="java.lang.String">null</Field>
 <Field name="RefObjFQType" type="java.lang.String">null</Field>
 <Field name="RefObjFQNameLengths" type="java.lang.String">null</Field>
</Object>
<Object class="com.sunopsis.dwg.dbobj.SnpFKXRef">
		<Field name="RefKey" type="java.lang.String"><![CDATA[SNP_UFUNCIMPL.15]]></Field>
	<Field name="RefObjGlobalId" type="java.lang.String"><![CDATA[0af15d51-81c6-4d21-af58-a4e12360d860]]></Field>
 <Field name="RefObjFQName" type="java.lang.String">null</Field>
 <Field name="RefObjFQType" type="java.lang.String">null</Field>
 <Field name="RefObjFQNameLengths" type="java.lang.String">null</Field>
</Object>
<Object class="com.sunopsis.dwg.dbobj.SnpFKXRef">
		<Field name="RefKey" type="java.lang.String"><![CDATA[SNP_TXTHEADER.1464]]></Field>
	<Field name="RefObjGlobalId" type="java.lang.String"><![CDATA[9fd841a0-bd66-47fe-b8cf-928192b74731]]></Field>
 <Field name="RefObjFQName" type="java.lang.String">null</Field>
 <Field name="RefObjFQType" type="java.lang.String">null</Field>
 <Field name="RefObjFQNameLengths" type="java.lang.String">null</Field>
</Object>
<Object class="com.sunopsis.dwg.dbobj.SnpFKXRef">
		<Field name="RefKey" type="java.lang.String"><![CDATA[SNP_UFUNCIMPL.14]]></Field>
	<Field name="RefObjGlobalId" type="java.lang.String"><![CDATA[77f6a6d4-4b60-495b-ae52-2a988ca414cc]]></Field>
 <Field name="RefObjFQName" type="java.lang.String">null</Field>
 <Field name="RefObjFQType" type="java.lang.String">null</Field>
 <Field name="RefObjFQNameLengths" type="java.lang.String">null</Field>
</Object>
<Object class="com.sunopsis.dwg.dbobj.SnpFKXRef">
		<Field name="RefKey" type="java.lang.String"><![CDATA[SNP_ORIGTXT.125]]></Field>
	<Field name="RefObjGlobalId" type="java.lang.String">null</Field>
 <Field name="RefObjFQName" type="java.lang.String">null</Field>
 <Field name="RefObjFQType" type="java.lang.String">null</Field>
 <Field name="RefObjFQNameLengths" type="java.lang.String">null</Field>
</Object>
<Object class="com.sunopsis.dwg.dbobj.SnpFKXRef">
		<Field name="RefKey" type="java.lang.String"><![CDATA[SNP_TXTHEADER.969]]></Field>
	<Field name="RefObjGlobalId" type="java.lang.String"><![CDATA[37baaeae-ca68-406e-9926-bfbc79fdbf8d]]></Field>
 <Field name="RefObjFQName" type="java.lang.String">null</Field>
 <Field name="RefObjFQType" type="java.lang.String">null</Field>
 <Field name="RefObjFQNameLengths" type="java.lang.String">null</Field>
</Object>
<Object class="com.sunopsis.dwg.dbobj.SnpFKXRef">
		<Field name="RefKey" type="java.lang.String"><![CDATA[SNP_UFUNCIMPL.1]]></Field>
	<Field name="RefObjGlobalId" type="java.lang.String"><![CDATA[f7e8f2b0-d62b-4591-9601-da57d3218ef6]]></Field>
 <Field name="RefObjFQName" type="java.lang.String">null</Field>
 <Field name="RefObjFQType" type="java.lang.String">null</Field>
 <Field name="RefObjFQNameLengths" type="java.lang.String">null</Field>
</Object>
<Object class="com.sunopsis.dwg.DwgExportSummary">
		<Field name="ExpTxtNb" type="com.sunopsis.sql.DbInt"><![CDATA[0]]></Field>
	<Field name="InstObjNb" type="com.sunopsis.sql.DbInt"><![CDATA[0]]></Field>
	<Field name="JoinColNb" type="com.sunopsis.sql.DbInt"><![CDATA[0]]></Field>
	<Field name="JoinNb" type="com.sunopsis.sql.DbInt"><![CDATA[0]]></Field>
	<Field name="KeyColNb" type="com.sunopsis.sql.DbInt"><![CDATA[0]]></Field>
	<Field name="KeyNb" type="com.sunopsis.sql.DbInt"><![CDATA[0]]></Field>
	<Field name="LinkDiagNb" type="com.sunopsis.sql.DbInt"><![CDATA[0]]></Field>
	<Field name="MorigTxtNb" type="com.sunopsis.sql.DbInt"><![CDATA[0]]></Field>
	<Field name="MtxtNb" type="com.sunopsis.sql.DbInt"><![CDATA[0]]></Field>
	<Field name="OrigTxtNb" type="com.sunopsis.sql.DbInt"><![CDATA[4]]></Field>
	<Field name="OtherObjectsNb" type="com.sunopsis.sql.DbInt"><![CDATA[7]]></Field>
	<Field name="PlanAgentNb" type="com.sunopsis.sql.DbInt"><![CDATA[0]]></Field>
	<Field name="StepNb" type="com.sunopsis.sql.DbInt"><![CDATA[0]]></Field>
	<Field name="TxtNb" type="com.sunopsis.sql.DbInt"><![CDATA[4]]></Field>
	<Field name="UeOrigNb" type="com.sunopsis.sql.DbInt"><![CDATA[0]]></Field>
	<Field name="UeUsedNb" type="com.sunopsis.sql.DbInt"><![CDATA[0]]></Field>
	<Field name="VarPlanAgentNb" type="com.sunopsis.sql.DbInt"><![CDATA[0]]></Field>
	<Field name="ScenTxtNb" type="com.sunopsis.sql.DbInt"><![CDATA[0]]></Field>
	<Field name="OdiVersion" type="java.lang.String"><![CDATA[12.2.1]]></Field>
	<Field name="OriginRepositoryID" type="com.sunopsis.sql.DbInt"><![CDATA[1]]></Field>
	<Field name="RepositoryVersion" type="java.lang.String"><![CDATA[05.02.02.08]]></Field>
</Object>
</SunopsisExport>
